"concat(question_name,'#',example_name)",user_id,rating
jBoolean_Operators#boolean_expression_v2,us13A01,0
jBoolean_Operators#conditional_operators_v2,us13A01,3
jBoolean_Operators#JavaTutorial_4_2_2,us13A01,3
jBoolean_Operators#JavaTutorial_4_2_8,us13A01,2
jBoolean_Var#boolean_declaration_v2,us13A01,2
jBoolean_Var#boolean_operators_v2,us13A01,2
jBoolean_Var#increment_v2,us13A01,0
jDouble1#JavaTutorial_4_1_5,us13A01,1
jDouble1#TypeCasting_v2,us13A01,3
jDouble1#variables2_v2,us13A01,2
jFor1#JavaTutorial_4_2_2,us13A01,0
jFor1#JavaTutorial_4_6_6,us13A01,1
jFor1#JavaTutorial_4_6_7,us13A01,1
jFor1#JavaTutorial_4_6_9,us13A01,1
jFor1#nested_loops2_v2,us13A01,3
jFor2#boolean_expression_v2,us13A01,1
jFor2#for1_v2,us13A01,2
jFor2#JavaTutorial_4_6_7,us13A01,2
jFor2#nested_loops2_v2,us13A01,2
jFor2#relational_operators_v2,us13A01,1
jIfelse1#boolean_expression_v2,us13A01,0
jIfelse1#Decision_If_v2,us13A01,2
jIfelse1#JavaTutorial_4_2_2,us13A01,2
jIfelse1#OperatorExample_v2,us13A01,2
jIfelse5#boolean_expression_v2,us13A01,0
jIfelse5#ifelse2_v2,us13A01,2
jIfelse5#JavaTutorial_4_2_2,us13A01,2
jIfelse5#nested_loops_v2,us13A01,2
jIncrement#increment_v2,us13A01,3
jIncrement#JavaTutorial_4_1_5,us13A01,0
jIncrement#JavaTutorial_4_2_8,us13A01,0
jIncrement#JavaTutorial_4_2_9,us13A01,0
jIncrement#variables1_v2,us13A01,1
jOperator1#Decision_If_v2,us13A01,2
jOperator1#ifelse2_v2,us13A01,2
jOperator1#JavaTutorial_4_1_5,us13A01,0
jOperator1#OperatorExample_v2,us13A01,2
jVariable1#JavaTutorial_4_1_5,us13A01,1
jVariable1#JavaTutorial_4_6_6,us13A01,2
jVariable1#JavaTutorial_4_6_9,us13A01,2
jVariable1#variables1_v2,us13A01,0
jWhile3#JavaTutorial_4_2_2,us13A01,1
jWhile3#JavaTutorial_4_4_3,us13A01,1
jWhile3#JavaTutorial_4_6_6,us13A01,1
jWhile3#JavaTutorial_4_6_9,us13A01,2
jWhile3#while_v2,us13A01,2
jWhile4#Decision_If_v2,us13A01,2
jWhile4#ifelse2_v2,us13A01,2
jWhile4#JavaTutorial_4_2_2,us13A01,1
jWhile4#JavaTutorial_4_4_3,us13A01,1
jWhile4#while_v2,us13A01,2
j2D_Arrays1#array_declaration_v2,us13A02,1
j2D_Arrays1#create_2d_array_v2,us13A02,2
j2D_Arrays1#JavaTutorial_4_1_5,us13A02,1
j2D_Arrays1#use_2darray_v2,us13A02,2
jArray1#array_declaration_v2,us13A02,1
jArray1#JavaTutorial_4_7_5,us13A02,2
jArray1#JavaTutorial_4_7_8,us13A02,1
jArray1#use_2darray_v2,us13A02,1
jArray1#using_array_v2,us13A02,1
jArray4#nested_loops2_v2,us13A02,2
jArray4#nested_loops_v2,us13A02,1
jArray4#use_array_v2,us13A02,2
jArray4#using_array_v2,us13A02,2
jBoolean_Operators#boolean_expression_v2,us13A02,1
jBoolean_Operators#conditional_operators_v2,us13A02,2
jBoolean_Operators#JavaTutorial_4_2_2,us13A02,1
jBoolean_Operators#JavaTutorial_4_2_8,us13A02,1
jBoolean_Var#boolean_declaration_v2,us13A02,1
jBoolean_Var#boolean_expression_v2,us13A02,2
jBoolean_Var#boolean_operators_v2,us13A02,2
jFor1#JavaTutorial_4_2_2,us13A02,1
jFor1#JavaTutorial_4_6_6,us13A02,2
jFor1#JavaTutorial_4_6_7,us13A02,1
jFor1#JavaTutorial_4_6_9,us13A02,1
jFor1#nested_loops2_v2,us13A02,3
jFor2#arithmetic_v2,us13A02,1
jFor2#boolean_expression_v2,us13A02,1
jFor2#for1_v2,us13A02,2
jFor2#JavaTutorial_4_6_7,us13A02,1
jFor2#relational_operators_v2,us13A02,1
jIfelse1#boolean_expression_v2,us13A02,1
jIfelse1#Decision_If_v2,us13A02,2
jIfelse1#JavaTutorial_4_2_2,us13A02,2
jIfelse1#OperatorExample_v2,us13A02,2
jIfelse5#boolean_expression_v2,us13A02,1
jIfelse5#ifelse2_v2,us13A02,2
jIfelse5#JavaTutorial_4_2_2,us13A02,1
jIfelse5#nested_loops_v2,us13A02,1
jWhile3#JavaTutorial_4_2_2,us13A02,1
jWhile3#JavaTutorial_4_4_3,us13A02,1
jWhile3#JavaTutorial_4_6_9,us13A02,2
jWhile3#while_v2,us13A02,2
jWhile4#Decision_If_v2,us13A02,1
jWhile4#ifelse2_v2,us13A02,2
jWhile4#JavaTutorial_4_2_2,us13A02,1
jWhile4#OperatorExample_v2,us13A02,1
jWhile4#while_v2,us13A02,2
jBoolean_Operators#boolean_expression_v2,us13A03,3
jBoolean_Operators#conditional_operators_v2,us13A03,3
jBoolean_Operators#JavaTutorial_4_2_2,us13A03,3
jBoolean_Operators#JavaTutorial_4_2_8,us13A03,2
jBoolean_Var#boolean_declaration_v2,us13A03,3
jBoolean_Var#boolean_operators_v2,us13A03,3
jBoolean_Var#increment_v2,us13A03,1
jDouble1#JavaTutorial_4_1_5,us13A03,2
jDouble1#TypeCasting_v2,us13A03,3
jDouble1#variables2_v2,us13A03,2
jFor1#JavaTutorial_4_2_2,us13A03,2
jFor1#JavaTutorial_4_6_6,us13A03,3
jFor1#JavaTutorial_4_6_7,us13A03,3
jFor1#JavaTutorial_4_6_9,us13A03,3
jFor1#nested_loops2_v2,us13A03,3
jFor2#boolean_expression_v2,us13A03,2
jFor2#for1_v2,us13A03,3
jFor2#JavaTutorial_4_6_7,us13A03,3
jFor2#nested_loops2_v2,us13A03,1
jFor2#relational_operators_v2,us13A03,2
jIfelse1#boolean_expression_v2,us13A03,2
jIfelse1#Decision_If_v2,us13A03,3
jIfelse1#JavaTutorial_4_2_2,us13A03,2
jIfelse1#OperatorExample_v2,us13A03,3
jIfelse5#boolean_expression_v2,us13A03,2
jIfelse5#ifelse2_v2,us13A03,3
jIfelse5#JavaTutorial_4_2_2,us13A03,2
jIfelse5#nested_loops_v2,us13A03,3
jIncrement#increment_v2,us13A03,3
jIncrement#JavaTutorial_4_1_5,us13A03,2
jIncrement#JavaTutorial_4_2_8,us13A03,2
jIncrement#JavaTutorial_4_2_9,us13A03,2
jIncrement#OperatorExample_v2,us13A03,3
jOperator1#Decision_If_v2,us13A03,3
jOperator1#ifelse2_v2,us13A03,3
jOperator1#JavaTutorial_4_1_5,us13A03,2
jOperator1#OperatorExample_v2,us13A03,3
jVariable1#JavaTutorial_4_1_5,us13A03,3
jVariable1#JavaTutorial_4_6_6,us13A03,2
jVariable1#JavaTutorial_4_6_9,us13A03,3
jVariable1#variables1_v2,us13A03,2
jWhile3#JavaTutorial_4_2_2,us13A03,1
jWhile3#JavaTutorial_4_4_3,us13A03,1
jWhile3#JavaTutorial_4_6_9,us13A03,2
jWhile3#while_v2,us13A03,3
jWhile4#Decision_If_v2,us13A03,2
jWhile4#ifelse2_v2,us13A03,2
jWhile4#JavaTutorial_4_2_2,us13A03,3
jWhile4#OperatorExample_v2,us13A03,2
jWhile4#while_v2,us13A03,3
j2D_Arrays1#create_2d_array_v2,us13A04,2
j2D_Arrays1#JavaTutorial_4_1_5,us13A04,2
j2D_Arrays1#relational_operators_v2,us13A04,1
j2D_Arrays1#use_2darray_v2,us13A04,2
jArray1#array_declaration_v2,us13A04,3
jArray1#JavaTutorial_4_2_2,us13A04,3
jArray1#JavaTutorial_4_6_9,us13A04,2
jArray1#JavaTutorial_4_7_6,us13A04,3
jArray1#use_2darray_v2,us13A04,3
jArray2#array_declaration_v2,us13A04,3
jArray2#JavaTutorial_4_2_2,us13A04,2
jArray2#JavaTutorial_4_6_7,us13A04,3
jArray2#JavaTutorial_4_7_5,us13A04,2
jArray2#use_2darray_v2,us13A04,3
jArray2#use_array_v2,us13A04,3
jArray4#create_2d_array_v2,us13A04,3
jArray4#use_array_v2,us13A04,3
jArray4#using_array_v2,us13A04,3
jBankAccount#arraylist1_v2,us13A04,2
jBankAccount#Bicycle_v2,us13A04,2
jBankAccount#JavaTutorial_4_4_3,us13A04,3
jBankAccount#Point_v2,us13A04,2
jBankAccount#Rectangle_v2,us13A04,1
jBankAccount#variables1_v2,us13A04,1
jBa_ques#Bicycle_v2,us13A04,2
jBa_ques#Point_v2,us13A04,2
jBa_ques#Rectangle_v2,us13A04,2
jBa_ques#variables1_v2,us13A04,1
jClass1#Bicycle_v2,us13A04,2
jClass1#Point_v2,us13A04,2
jClass1#Rectangle_v2,us13A04,1
jClass1#variables1_v2,us13A04,2
jClasses4#Bicycle_v2,us13A04,2
jClasses4#JavaTutorial_4_4_3,us13A04,2
jClasses4#Point_v2,us13A04,2
jClasses4#Rectangle_v2,us13A04,2
jClasses4#variables1_v2,us13A04,1
jFor1#JavaTutorial_4_2_2,us13A04,3
jFor1#JavaTutorial_4_6_6,us13A04,3
jFor1#JavaTutorial_4_6_7,us13A04,2
jFor1#JavaTutorial_4_6_9,us13A04,3
jFor2#boolean_expression_v2,us13A04,3
jFor2#for1_v2,us13A04,3
jFor2#JavaTutorial_4_6_7,us13A04,3
jFor2#JavaTutorial_4_6_9,us13A04,3
jFor2#relational_operators_v2,us13A04,3
jWhile3#JavaTutorial_4_2_2,us13A04,2
jWhile3#JavaTutorial_4_4_3,us13A04,2
jWhile3#JavaTutorial_4_6_9,us13A04,3
jWhile3#while_v2,us13A04,3
jWhile4#Decision_If_v2,us13A04,3
jWhile4#ifelse2_v2,us13A04,2
jWhile4#JavaTutorial_4_2_2,us13A04,2
jWhile4#OperatorExample_v2,us13A04,3
jWhile4#while_v2,us13A04,3
j2D_Arrays1#array_declaration_v2,us13A05,1
j2D_Arrays1#create_2d_array_v2,us13A05,1
j2D_Arrays1#JavaTutorial_4_7_5,us13A05,1
j2D_Arrays1#JavaTutorial_4_7_8,us13A05,1
j2D_Arrays1#use_2darray_v2,us13A05,2
j2D_Arrays1#use_array_v2,us13A05,2
j2D_Arrays1#using_array_v2,us13A05,1
jArray1#array_declaration_v2,us13A05,2
jArray1#JavaTutorial_4_2_2,us13A05,1
jArray1#JavaTutorial_4_7_6,us13A05,2
jArray1#use_2darray_v2,us13A05,2
jArray1#using_array_v2,us13A05,2
jArray2#array_declaration_v2,us13A05,1
jArray2#JavaTutorial_4_2_2,us13A05,1
jArray2#JavaTutorial_4_7_5,us13A05,1
jArray2#use_2darray_v2,us13A05,2
jArray2#use_array_v2,us13A05,2
jArray2#using_array_v2,us13A05,1
jArray4#use_array_v2,us13A05,1
jArray4#using_array_v2,us13A05,1
jBoolean_Operators#conditional_operators_v2,us13A05,2
jBoolean_Operators#JavaTutorial_4_2_2,us13A05,2
jBoolean_Operators#JavaTutorial_4_2_8,us13A05,2
jBoolean_Var#boolean_declaration_v2,us13A05,1
jBoolean_Var#boolean_operators_v2,us13A05,1
jFor1#JavaTutorial_4_2_2,us13A05,1
jFor1#JavaTutorial_4_6_6,us13A05,1
jFor1#JavaTutorial_4_6_7,us13A05,1
jFor1#JavaTutorial_4_6_9,us13A05,1
jFor2#boolean_expression_v2,us13A05,1
jFor2#for1_v2,us13A05,1
jFor2#JavaTutorial_4_6_6,us13A05,1
jFor2#JavaTutorial_4_6_7,us13A05,1
jFor2#relational_operators_v2,us13A05,1
jIfelse1#Decision_If_v2,us13A05,2
jIfelse1#JavaTutorial_4_2_2,us13A05,2
jIfelse1#OperatorExample_v2,us13A05,2
jIfelse5#boolean_expression_v2,us13A05,1
jIfelse5#ifelse2_v2,us13A05,1
jIfelse5#JavaTutorial_4_2_2,us13A05,1
jIfelse5#nested_loops_v2,us13A05,1
jIfelse5#OperatorExample_v2,us13A05,1
jWhile3#JavaTutorial_4_2_2,us13A05,1
jWhile3#JavaTutorial_4_4_3,us13A05,1
jWhile3#JavaTutorial_4_6_6,us13A05,1
jWhile3#JavaTutorial_4_6_9,us13A05,1
jWhile3#while_v2,us13A05,1
jWhile4#Decision_If_v2,us13A05,1
jWhile4#ifelse2_v2,us13A05,1
jWhile4#JavaTutorial_4_2_2,us13A05,2
jWhile4#OperatorExample_v2,us13A05,2
jWhile4#while_v2,us13A05,2
jBoolean_Operators#boolean_expression_v2,us13A06,2
jBoolean_Operators#conditional_operators_v2,us13A06,2
jBoolean_Operators#JavaTutorial_4_2_2,us13A06,1
jBoolean_Operators#JavaTutorial_4_2_8,us13A06,2
jBoolean_Operators#JavaTutorial_4_6_9,us13A06,1
jBoolean_Var#boolean_declaration_v2,us13A06,2
jBoolean_Var#boolean_operators_v2,us13A06,3
jBoolean_Var#increment_v2,us13A06,1
jDouble1#JavaTutorial_4_1_5,us13A06,1
jDouble1#TypeCasting_v2,us13A06,2
jDouble1#variables2_v2,us13A06,1
jFor1#JavaTutorial_4_2_2,us13A06,1
jFor1#JavaTutorial_4_6_6,us13A06,1
jFor1#JavaTutorial_4_6_7,us13A06,1
jFor1#JavaTutorial_4_6_9,us13A06,1
jFor1#nested_loops2_v2,us13A06,1
jFor2#boolean_expression_v2,us13A06,1
jFor2#for1_v2,us13A06,2
jFor2#JavaTutorial_4_6_7,us13A06,1
jFor2#nested_loops2_v2,us13A06,1
jFor2#relational_operators_v2,us13A06,1
jIfelse1#boolean_expression_v2,us13A06,3
jIfelse1#Decision_If_v2,us13A06,2
jIfelse1#OperatorExample_v2,us13A06,3
jIfelse5#arithmetic_v2,us13A06,1
jIfelse5#boolean_expression_v2,us13A06,1
jIfelse5#ifelse2_v2,us13A06,2
jIfelse5#JavaTutorial_4_2_2,us13A06,1
jIfelse5#nested_loops_v2,us13A06,1
jIfelse5#OperatorExample_v2,us13A06,2
jIncrement#increment_v2,us13A06,3
jIncrement#JavaTutorial_4_1_5,us13A06,1
jIncrement#JavaTutorial_4_2_8,us13A06,1
jIncrement#JavaTutorial_4_2_9,us13A06,1
jIncrement#OperatorExample_v2,us13A06,1
jOperator1#Decision_If_v2,us13A06,1
jOperator1#ifelse2_v2,us13A06,1
jOperator1#JavaTutorial_4_1_5,us13A06,1
jOperator1#OperatorExample_v2,us13A06,3
jVariable1#JavaTutorial_4_1_5,us13A06,1
jVariable1#JavaTutorial_4_6_6,us13A06,1
jVariable1#JavaTutorial_4_6_9,us13A06,1
jVariable1#variables1_v2,us13A06,1
jWhile3#JavaTutorial_4_2_2,us13A06,1
jWhile3#JavaTutorial_4_4_3,us13A06,1
jWhile3#JavaTutorial_4_6_9,us13A06,1
jWhile3#while_v2,us13A06,3
jWhile4#Decision_If_v2,us13A06,2
jWhile4#ifelse2_v2,us13A06,2
jWhile4#JavaTutorial_4_2_2,us13A06,1
jWhile4#OperatorExample_v2,us13A06,2
jWhile4#while_v2,us13A06,2
jBoolean_Operators#boolean_expression_v2,us13A07,2
jBoolean_Operators#conditional_operators_v2,us13A07,2
jBoolean_Operators#JavaTutorial_4_2_2,us13A07,2
jBoolean_Operators#JavaTutorial_4_2_8,us13A07,2
jBoolean_Var#boolean_declaration_v2,us13A07,3
jBoolean_Var#boolean_operators_v2,us13A07,3
jBoolean_Var#increment_v2,us13A07,1
jDouble1#JavaTutorial_4_1_5,us13A07,0
jDouble1#TypeCasting_v2,us13A07,2
jDouble1#variables2_v2,us13A07,0
jFor1#JavaTutorial_4_2_2,us13A07,1
jFor1#JavaTutorial_4_6_6,us13A07,1
jFor1#JavaTutorial_4_6_7,us13A07,1
jFor1#JavaTutorial_4_6_9,us13A07,1
jFor1#nested_loops2_v2,us13A07,1
jFor2#boolean_expression_v2,us13A07,2
jFor2#for1_v2,us13A07,2
jFor2#JavaTutorial_4_6_7,us13A07,1
jFor2#nested_loops2_v2,us13A07,1
jFor2#relational_operators_v2,us13A07,2
jIfelse1#boolean_expression_v2,us13A07,2
jIfelse1#Decision_If_v2,us13A07,2
jIfelse1#JavaTutorial_4_2_2,us13A07,1
jIfelse1#OperatorExample_v2,us13A07,2
jIfelse5#boolean_expression_v2,us13A07,2
jIfelse5#ifelse2_v2,us13A07,2
jIfelse5#JavaTutorial_4_2_2,us13A07,1
jIfelse5#nested_loops_v2,us13A07,1
jIncrement#increment_v2,us13A07,3
jIncrement#JavaTutorial_4_1_5,us13A07,1
jIncrement#JavaTutorial_4_2_8,us13A07,1
jIncrement#JavaTutorial_4_2_9,us13A07,1
jIncrement#OperatorExample_v2,us13A07,1
jOperator1#Decision_If_v2,us13A07,1
jOperator1#ifelse2_v2,us13A07,1
jOperator1#JavaTutorial_4_1_5,us13A07,1
jOperator1#OperatorExample_v2,us13A07,3
jVariable1#JavaTutorial_4_1_5,us13A07,0
jVariable1#JavaTutorial_4_6_6,us13A07,0
jVariable1#JavaTutorial_4_6_9,us13A07,2
jVariable1#variables1_v2,us13A07,1
jWhile3#JavaTutorial_4_2_2,us13A07,1
jWhile3#JavaTutorial_4_4_3,us13A07,1
jWhile3#JavaTutorial_4_6_9,us13A07,1
jWhile3#while_v2,us13A07,3
jWhile4#Decision_If_v2,us13A07,2
jWhile4#ifelse2_v2,us13A07,1
jWhile4#JavaTutorial_4_2_2,us13A07,1
jWhile4#JavaTutorial_4_4_3,us13A07,1
jWhile4#while_v2,us13A07,2
j2D_Arrays1#array_declaration_v2,us13A08,0
j2D_Arrays1#create_2d_array_v2,us13A08,1
j2D_Arrays1#use_2darray_v2,us13A08,3
j2D_Arrays1#using_array_v2,us13A08,0
jArray1#array_declaration_v2,us13A08,3
jArray1#JavaTutorial_4_7_6,us13A08,2
jArray1#use_2darray_v2,us13A08,1
jArray1#using_array_v2,us13A08,3
jArray2#array_declaration_v2,us13A08,2
jArray2#JavaTutorial_4_2_2,us13A08,0
jArray2#JavaTutorial_4_7_5,us13A08,2
jArray2#use_2darray_v2,us13A08,1
jArray2#use_array_v2,us13A08,2
jArray2#using_array_v2,us13A08,2
jArray4#use_array_v2,us13A08,3
jArray4#using_array_v2,us13A08,2
jBankAccount#Bicycle_v2,us13A08,3
jBankAccount#Point_v2,us13A08,2
jBankAccount#Rectangle_v2,us13A08,3
jBankAccount#variables1_v2,us13A08,1
jBa_ques#Bicycle_v2,us13A08,3
jBa_ques#Point_v2,us13A08,2
jBa_ques#Rectangle_v2,us13A08,3
jBa_ques#variables1_v2,us13A08,1
jClass1#Bicycle_v2,us13A08,3
jClass1#Rectangle_v2,us13A08,3
jClass1#relational_operators_v2,us13A08,0
jClass1#variables1_v2,us13A08,3
jClass1#variables2_v2,us13A08,0
jClasses4#Bicycle_v2,us13A08,3
jClasses4#Point_v2,us13A08,2
jClasses4#Rectangle_v2,us13A08,3
jClasses4#variables1_v2,us13A08,1
jFor1#JavaTutorial_4_2_2,us13A08,1
jFor1#JavaTutorial_4_6_6,us13A08,2
jFor1#JavaTutorial_4_6_7,us13A08,3
jFor1#JavaTutorial_4_6_9,us13A08,2
jFor2#boolean_expression_v2,us13A08,0
jFor2#for1_v2,us13A08,2
jFor2#JavaTutorial_4_6_7,us13A08,2
jFor2#JavaTutorial_4_6_9,us13A08,3
jFor2#relational_operators_v2,us13A08,0
jWhile3#JavaTutorial_4_2_2,us13A08,0
jWhile3#JavaTutorial_4_4_3,us13A08,2
jWhile3#JavaTutorial_4_6_9,us13A08,0
jWhile3#while_v2,us13A08,3
jWhile4#Decision_If_v2,us13A08,3
jWhile4#ifelse2_v2,us13A08,3
jWhile4#JavaTutorial_4_2_2,us13A08,1
jWhile4#OperatorExample_v2,us13A08,3
jWhile4#while_v2,us13A08,2
jBoolean_Operators#boolean_expression_v2,us13A09,3
jBoolean_Operators#conditional_operators_v2,us13A09,0
jBoolean_Operators#JavaTutorial_4_2_2,us13A09,1
jBoolean_Operators#JavaTutorial_4_2_8,us13A09,0
jBoolean_Var#boolean_declaration_v2,us13A09,1
jBoolean_Var#boolean_operators_v2,us13A09,3
jBoolean_Var#increment_v2,us13A09,0
jDouble1#JavaTutorial_4_1_5,us13A09,2
jDouble1#TypeCasting_v2,us13A09,1
jDouble1#variables2_v2,us13A09,0
jFor1#JavaTutorial_4_2_2,us13A09,0
jFor1#JavaTutorial_4_6_6,us13A09,3
jFor1#JavaTutorial_4_6_7,us13A09,0
jFor1#JavaTutorial_4_6_9,us13A09,0
jFor1#nested_loops2_v2,us13A09,3
jFor2#boolean_expression_v2,us13A09,1
jFor2#for1_v2,us13A09,3
jFor2#JavaTutorial_4_6_7,us13A09,0
jFor2#nested_loops2_v2,us13A09,3
jFor2#relational_operators_v2,us13A09,2
jIfelse1#boolean_expression_v2,us13A09,3
jIfelse1#Decision_If_v2,us13A09,2
jIfelse1#JavaTutorial_4_2_2,us13A09,0
jIfelse1#OperatorExample_v2,us13A09,2
jIfelse5#boolean_expression_v2,us13A09,3
jIfelse5#ifelse2_v2,us13A09,2
jIfelse5#JavaTutorial_4_2_2,us13A09,0
jIfelse5#nested_loops_v2,us13A09,1
jIncrement#increment_v2,us13A09,3
jIncrement#JavaTutorial_4_1_5,us13A09,0
jIncrement#JavaTutorial_4_2_8,us13A09,2
jIncrement#JavaTutorial_4_2_9,us13A09,2
jIncrement#OperatorExample_v2,us13A09,1
jOperator1#Decision_If_v2,us13A09,2
jOperator1#ifelse2_v2,us13A09,3
jOperator1#JavaTutorial_4_1_5,us13A09,0
jOperator1#OperatorExample_v2,us13A09,3
jVariable1#JavaTutorial_4_1_5,us13A09,0
jVariable1#JavaTutorial_4_6_6,us13A09,2
jVariable1#JavaTutorial_4_6_9,us13A09,3
jVariable1#variables1_v2,us13A09,0
jWhile3#JavaTutorial_4_2_2,us13A09,3
jWhile3#JavaTutorial_4_4_3,us13A09,0
jWhile3#JavaTutorial_4_6_6,us13A09,0
jWhile3#JavaTutorial_4_6_9,us13A09,0
jWhile3#while_v2,us13A09,0
jWhile4#Decision_If_v2,us13A09,2
jWhile4#ifelse2_v2,us13A09,3
jWhile4#JavaTutorial_4_2_2,us13A09,2
jWhile4#OperatorExample_v2,us13A09,2
jWhile4#while_v2,us13A09,0
j2D_Arrays1#array_declaration_v2,us13A10,2
j2D_Arrays1#create_2d_array_v2,us13A10,2
j2D_Arrays1#JavaTutorial_4_1_5,us13A10,1
j2D_Arrays1#use_2darray_v2,us13A10,2
j2D_Arrays1#use_array_v2,us13A10,1
jArray1#array_declaration_v2,us13A10,1
jArray1#JavaTutorial_4_6_6,us13A10,2
jArray1#JavaTutorial_4_6_9,us13A10,1
jArray1#JavaTutorial_4_7_6,us13A10,1
jArray1#use_2darray_v2,us13A10,1
jArray2#array_declaration_v2,us13A10,1
jArray2#JavaTutorial_4_7_5,us13A10,2
jArray2#use_2darray_v2,us13A10,1
jArray2#use_array_v2,us13A10,2
jArray2#using_array_v2,us13A10,1
jArray4#create_2d_array_v2,us13A10,1
jArray4#nested_loops_v2,us13A10,1
jArray4#use_array_v2,us13A10,2
jArray4#using_array_v2,us13A10,1
jBoolean_Operators#boolean_expression_v2,us13A10,1
jBoolean_Operators#conditional_operators_v2,us13A10,2
jBoolean_Operators#JavaTutorial_4_2_2,us13A10,2
jBoolean_Operators#JavaTutorial_4_2_8,us13A10,3
jBoolean_Var#boolean_declaration_v2,us13A10,2
jBoolean_Var#boolean_operators_v2,us13A10,3
jBoolean_Var#increment_v2,us13A10,3
jDouble1#JavaTutorial_4_1_5,us13A10,2
jDouble1#TypeCasting_v2,us13A10,2
jDouble1#variables2_v2,us13A10,3
jIfelse1#boolean_expression_v2,us13A10,1
jIfelse1#Decision_If_v2,us13A10,2
jIfelse1#JavaTutorial_4_2_2,us13A10,2
jIfelse1#OperatorExample_v2,us13A10,1
jIfelse5#boolean_expression_v2,us13A10,1
jIfelse5#ifelse2_v2,us13A10,2
jIfelse5#JavaTutorial_4_2_2,us13A10,1
jIfelse5#nested_loops_v2,us13A10,1
jIncrement#increment_v2,us13A10,3
jIncrement#JavaTutorial_4_1_5,us13A10,2
jIncrement#JavaTutorial_4_2_8,us13A10,2
jIncrement#JavaTutorial_4_2_9,us13A10,2
jIncrement#OperatorExample_v2,us13A10,2
jOperator1#Decision_If_v2,us13A10,2
jOperator1#ifelse2_v2,us13A10,2
jOperator1#JavaTutorial_4_1_5,us13A10,1
jOperator1#OperatorExample_v2,us13A10,2
jVariable1#JavaTutorial_4_1_5,us13A10,1
jVariable1#JavaTutorial_4_6_6,us13A10,3
jVariable1#JavaTutorial_4_6_9,us13A10,2
jVariable1#variables1_v2,us13A10,3
j2D_Arrays1#array_declaration_v2,us13A11,3
j2D_Arrays1#create_2d_array_v2,us13A11,3
j2D_Arrays1#JavaTutorial_4_1_5,us13A11,1
j2D_Arrays1#use_2darray_v2,us13A11,3
j2D_Arrays1#variables2_v2,us13A11,2
jArray1#array_declaration_v2,us13A11,3
jArray1#JavaTutorial_4_7_6,us13A11,2
jArray1#use_2darray_v2,us13A11,1
jArray1#using_array_v2,us13A11,3
jArray2#array_declaration_v2,us13A11,3
jArray2#JavaTutorial_4_2_2,us13A11,1
jArray2#JavaTutorial_4_6_7,us13A11,1
jArray2#JavaTutorial_4_7_5,us13A11,1
jArray2#use_2darray_v2,us13A11,1
jArray2#use_array_v2,us13A11,3
jArray4#JavaTutorial_4_6_6,us13A11,1
jArray4#JavaTutorial_4_6_7,us13A11,1
jArray4#use_array_v2,us13A11,3
jArray4#using_array_v2,us13A11,3
jDouble1#JavaTutorial_4_1_5,us13A11,1
jDouble1#TypeCasting_v2,us13A11,3
jDouble1#variables2_v2,us13A11,2
jFor1#JavaTutorial_4_2_2,us13A11,1
jFor1#JavaTutorial_4_6_6,us13A11,3
jFor1#JavaTutorial_4_6_7,us13A11,3
jFor1#JavaTutorial_4_6_9,us13A11,3
jFor1#nested_loops2_v2,us13A11,1
jFor2#boolean_expression_v2,us13A11,3
jFor2#for1_v2,us13A11,3
jFor2#JavaTutorial_4_6_7,us13A11,2
jFor2#JavaTutorial_4_6_9,us13A11,3
jFor2#relational_operators_v2,us13A11,2
jIncrement#increment_v2,us13A11,3
jIncrement#JavaTutorial_4_1_5,us13A11,1
jIncrement#JavaTutorial_4_2_8,us13A11,0
jIncrement#JavaTutorial_4_2_9,us13A11,0
jIncrement#variables1_v2,us13A11,2
jOperator1#Decision_If_v2,us13A11,1
jOperator1#ifelse2_v2,us13A11,1
jOperator1#OperatorExample_v2,us13A11,3
jVariable1#JavaTutorial_4_1_5,us13A11,1
jVariable1#JavaTutorial_4_6_6,us13A11,1
jVariable1#JavaTutorial_4_6_9,us13A11,1
jVariable1#variables1_v2,us13A11,2
jWhile3#JavaTutorial_4_2_2,us13A11,0
jWhile3#JavaTutorial_4_4_3,us13A11,3
jWhile3#JavaTutorial_4_6_9,us13A11,0
jWhile3#while_v2,us13A11,3
jWhile4#Decision_If_v2,us13A11,3
jWhile4#ifelse2_v2,us13A11,1
jWhile4#JavaTutorial_4_2_2,us13A11,1
jWhile4#JavaTutorial_4_4_3,us13A11,1
jWhile4#while_v2,us13A11,3
j2D_Arrays1#array_declaration_v2,us13A12,1
j2D_Arrays1#create_2d_array_v2,us13A12,2
j2D_Arrays1#JavaTutorial_4_7_6,us13A12,1
j2D_Arrays1#JavaTutorial_4_7_8,us13A12,1
j2D_Arrays1#relational_operators_v2,us13A12,1
j2D_Arrays1#use_2darray_v2,us13A12,2
j2D_Arrays1#using_array_v2,us13A12,1
jArray1#array_declaration_v2,us13A12,2
jArray1#create_2d_array_v2,us13A12,2
jArray1#JavaTutorial_4_7_6,us13A12,2
jArray1#use_2darray_v2,us13A12,1
jArray1#using_array_v2,us13A12,2
jArray2#array_declaration_v2,us13A12,2
jArray2#JavaTutorial_4_2_2,us13A12,1
jArray2#JavaTutorial_4_7_5,us13A12,1
jArray2#use_2darray_v2,us13A12,2
jArray2#use_array_v2,us13A12,2
jArray2#using_array_v2,us13A12,2
jArray4#create_2d_array_v2,us13A12,1
jArray4#JavaTutorial_4_6_6,us13A12,1
jArray4#use_array_v2,us13A12,2
jArray4#using_array_v2,us13A12,2
jBankAccount#Bicycle_v2,us13A12,2
jBankAccount#inheritance_constructors_1,us13A12,1
jBankAccount#MathFunction_v2,us13A12,1
jBankAccount#Rectangle_v2,us13A12,2
jBankAccount#TypeCasting_v2,us13A12,2
jBankAccount#variables1_v2,us13A12,2
jBa_ques#Bicycle_v2,us13A12,2
jBa_ques#Point_v2,us13A12,2
jBa_ques#Rectangle_v2,us13A12,2
jBa_ques#variables1_v2,us13A12,2
jClass1#Bicycle_v2,us13A12,2
jClass1#Rectangle_v2,us13A12,2
jClass1#relational_operators_v2,us13A12,1
jClass1#TypeCasting_v2,us13A12,1
jClass1#variables1_v2,us13A12,1
jClasses4#Bicycle_v2,us13A12,2
jClasses4#Rectangle_v2,us13A12,2
jClasses4#variables1_v2,us13A12,2
jFor1#JavaTutorial_4_2_2,us13A12,1
jFor1#JavaTutorial_4_6_6,us13A12,2
jFor1#JavaTutorial_4_6_7,us13A12,1
jFor1#JavaTutorial_4_6_9,us13A12,1
jFor2#boolean_expression_v2,us13A12,1
jFor2#for1_v2,us13A12,2
jFor2#JavaTutorial_4_6_7,us13A12,1
jFor2#JavaTutorial_4_6_9,us13A12,1
jFor2#relational_operators_v2,us13A12,1
jWhile3#JavaTutorial_4_2_2,us13A12,1
jWhile3#JavaTutorial_4_4_3,us13A12,1
jWhile3#JavaTutorial_4_6_9,us13A12,1
jWhile3#while_v2,us13A12,2
jWhile4#Decision_If_v2,us13A12,2
jWhile4#ifelse2_v2,us13A12,2
jWhile4#JavaTutorial_4_2_2,us13A12,1
jWhile4#OperatorExample_v2,us13A12,2
jWhile4#while_v2,us13A12,2
j2D_Arrays1#array_declaration_v2,us13B01,2
j2D_Arrays1#create_2d_array_v2,us13B01,2
j2D_Arrays1#use_2darray_v2,us13B01,3
j2D_Arrays1#use_array_v2,us13B01,2
j2D_Arrays1#using_array_v2,us13B01,2
jArray1#array_declaration_v2,us13B01,3
jArray1#create_2d_array_v2,us13B01,1
jArray1#JavaTutorial_4_7_6,us13B01,1
jArray1#use_2darray_v2,us13B01,1
jArray2#array_declaration_v2,us13B01,3
jArray2#create_2d_array_v2,us13B01,1
jArray2#inheritance_polymorphism_2,us13B01,1
jArray2#JavaTutorial_4_7_5,us13B01,2
jArray2#use_2darray_v2,us13B01,1
jArray2#use_array_v2,us13B01,2
jArray4#use_array_v2,us13B01,3
jArray4#using_array_v2,us13B01,2
jBankAccount#Bicycle_v2,us13B01,2
jBankAccount#Rectangle_v2,us13B01,2
jBankAccount#variables1_v2,us13B01,1
jBa_ques#Bicycle_v2,us13B01,2
jBa_ques#Rectangle_v2,us13B01,2
jBa_ques#variables1_v2,us13B01,2
jClass1#Bicycle_v2,us13B01,2
jClass1#Rectangle_v2,us13B01,2
jClass1#variables1_v2,us13B01,1
jClasses4#Bicycle_v2,us13B01,2
jClasses4#Point_v2,us13B01,1
jClasses4#Rectangle_v2,us13B01,2
jClasses4#variables1_v2,us13B01,2
jFor1#for1_v2,us13B01,2
jFor1#JavaTutorial_4_6_6,us13B01,3
jFor1#JavaTutorial_4_6_7,us13B01,1
jFor1#JavaTutorial_4_6_8,us13B01,1
jFor1#JavaTutorial_4_6_9,us13B01,1
jFor1#using_array_v2,us13B01,0
jFor2#for1_v2,us13B01,2
jFor2#JavaTutorial_4_6_7,us13B01,1
jFor2#JavaTutorial_4_6_9,us13B01,1
jFor2#relational_operators_v2,us13B01,1
jWhile3#JavaTutorial_4_2_2,us13B01,1
jWhile3#JavaTutorial_4_4_3,us13B01,1
jWhile3#JavaTutorial_4_6_9,us13B01,1
jWhile3#while_v2,us13B01,1
jWhile4#Decision_If_v2,us13B01,2
jWhile4#ifelse2_v2,us13B01,1
jWhile4#JavaTutorial_4_2_2,us13B01,1
jWhile4#JavaTutorial_4_4_3,us13B01,2
jWhile4#OperatorExample_v2,us13B01,2
jWhile4#while_v2,us13B01,3
j2D_Arrays1#array_declaration_v2,us13B02,1
j2D_Arrays1#create_2d_array_v2,us13B02,1
j2D_Arrays1#use_2darray_v2,us13B02,3
j2D_Arrays1#using_array_v2,us13B02,1
jArray1#array_declaration_v2,us13B02,2
jArray1#JavaTutorial_4_7_6,us13B02,1
jArray1#use_2darray_v2,us13B02,1
jArray1#using_array_v2,us13B02,2
jArray2#array_declaration_v2,us13B02,1
jArray2#JavaTutorial_4_7_5,us13B02,2
jArray2#use_2darray_v2,us13B02,1
jArray2#use_array_v2,us13B02,2
jArray2#using_array_v2,us13B02,2
jArray4#use_array_v2,us13B02,2
jArray4#using_array_v2,us13B02,1
jBoolean_Operators#boolean_expression_v2,us13B02,1
jBoolean_Operators#conditional_operators_v2,us13B02,1
jBoolean_Operators#JavaTutorial_4_2_2,us13B02,2
jBoolean_Operators#JavaTutorial_4_2_8,us13B02,1
jBoolean_Var#boolean_declaration_v2,us13B02,2
jBoolean_Var#boolean_expression_v2,us13B02,2
jBoolean_Var#boolean_operators_v2,us13B02,0
jFor1#for1_v2,us13B02,2
jFor1#JavaTutorial_4_6_6,us13B02,2
jFor1#JavaTutorial_4_6_7,us13B02,2
jFor1#JavaTutorial_4_6_9,us13B02,2
jFor2#for1_v2,us13B02,2
jFor2#JavaTutorial_4_6_6,us13B02,2
jFor2#JavaTutorial_4_6_7,us13B02,2
jFor2#nested_loops2_v2,us13B02,2
jFor2#relational_operators_v2,us13B02,1
jIfelse1#boolean_expression_v2,us13B02,1
jIfelse1#Decision_If_v2,us13B02,2
jIfelse1#OperatorExample_v2,us13B02,2
jIfelse5#boolean_expression_v2,us13B02,0
jIfelse5#ifelse2_v2,us13B02,2
jIfelse5#JavaTutorial_4_2_2,us13B02,1
jIfelse5#nested_loops_v2,us13B02,1
jIfelse5#OperatorExample_v2,us13B02,0
jWhile3#JavaTutorial_4_2_2,us13B02,0
jWhile3#JavaTutorial_4_4_3,us13B02,2
jWhile3#JavaTutorial_4_6_9,us13B02,1
jWhile3#while_v2,us13B02,2
jWhile4#Decision_If_v2,us13B02,2
jWhile4#ifelse2_v2,us13B02,1
jWhile4#JavaTutorial_4_2_2,us13B02,2
jWhile4#JavaTutorial_4_4_3,us13B02,1
jWhile4#OperatorExample_v2,us13B02,2
jWhile4#while_v2,us13B02,1
j2D_Arrays1#array_declaration_v2,us13B03,2
j2D_Arrays1#create_2d_array_v2,us13B03,2
j2D_Arrays1#use_2darray_v2,us13B03,3
jArray1#array_declaration_v2,us13B03,2
jArray1#JavaTutorial_4_7_6,us13B03,1
jArray1#use_2darray_v2,us13B03,2
jArray1#using_array_v2,us13B03,1
jArray2#array_declaration_v2,us13B03,2
jArray2#JavaTutorial_4_7_5,us13B03,2
jArray2#use_2darray_v2,us13B03,2
jArray2#use_array_v2,us13B03,3
jArray2#using_array_v2,us13B03,1
jArray4#array_declaration_v2,us13B03,2
jArray4#use_array_v2,us13B03,3
jArray4#using_array_v2,us13B03,2
jDouble1#inheritance_casting_1,us13B03,0
jDouble1#TypeCasting_v2,us13B03,3
jDouble1#variables1_v2,us13B03,2
jDouble1#variables2_v2,us13B03,2
jFor1#for1_v2,us13B03,3
jFor1#JavaTutorial_4_6_6,us13B03,3
jFor1#JavaTutorial_4_6_7,us13B03,2
jFor1#JavaTutorial_4_6_9,us13B03,3
jFor2#for1_v2,us13B03,3
jFor2#JavaTutorial_4_6_7,us13B03,2
jFor2#JavaTutorial_4_6_9,us13B03,2
jFor2#relational_operators_v2,us13B03,2
jIncrement#increment_v2,us13B03,3
jIncrement#JavaTutorial_4_2_8,us13B03,3
jIncrement#OperatorExample_v2,us13B03,1
jIncrement#variables2_v2,us13B03,2
jOperator1#arithmetic_v2,us13B03,1
jOperator1#Decision_If_v2,us13B03,2
jOperator1#ifelse2_v2,us13B03,2
jOperator1#JavaTutorial_4_1_5,us13B03,1
jOperator1#OperatorExample_v2,us13B03,3
jVariable1#JavaTutorial_4_1_5,us13B03,1
jVariable1#JavaTutorial_4_6_6,us13B03,3
jVariable1#JavaTutorial_4_6_9,us13B03,3
jVariable1#OperatorExample_v2,us13B03,1
jWhile3#JavaTutorial_4_2_2,us13B03,2
jWhile3#JavaTutorial_4_4_3,us13B03,1
jWhile3#JavaTutorial_4_6_9,us13B03,2
jWhile3#while_v2,us13B03,3
jWhile4#Decision_If_v2,us13B03,3
jWhile4#ifelse2_v2,us13B03,3
jWhile4#JavaTutorial_4_4_3,us13B03,2
jWhile4#JavaTutorial_4_6_12,us13B03,1
jWhile4#while_v2,us13B03,2
jBankAccount#Bicycle_v2,us13B04,2
jBankAccount#inheritance_constructors_1,us13B04,2
jBankAccount#Point_v2,us13B04,3
jBankAccount#Rectangle_v2,us13B04,1
jBankAccount#simple_inheritance_1,us13B04,2
jBankAccount#variables1_v2,us13B04,3
jBa_ques#Bicycle_v2,us13B04,2
jBa_ques#Rectangle_v2,us13B04,1
jBa_ques#variables1_v2,us13B04,1
jBoolean_Operators#boolean_expression_v2,us13B04,1
jBoolean_Operators#conditional_operators_v2,us13B04,2
jBoolean_Operators#JavaTutorial_4_2_2,us13B04,2
jBoolean_Operators#JavaTutorial_4_2_8,us13B04,1
jBoolean_Var#boolean_declaration_v2,us13B04,2
jBoolean_Var#boolean_expression_v2,us13B04,2
jBoolean_Var#boolean_operators_v2,us13B04,1
jClass1#Bicycle_v2,us13B04,2
jClass1#inheritance_constructors_1,us13B04,2
jClass1#Rectangle_v2,us13B04,2
jClass1#variables1_v2,us13B04,2
jClasses4#Bicycle_v2,us13B04,2
jClasses4#inheritance_constructors_1,us13B04,2
jClasses4#Point_v2,us13B04,2
jClasses4#Rectangle_v2,us13B04,2
jClasses4#simple_inheritance_1,us13B04,2
jClasses4#variables1_v2,us13B04,2
jFor1#JavaTutorial_4_6_6,us13B04,1
jFor1#JavaTutorial_4_6_7,us13B04,2
jFor1#JavaTutorial_4_6_9,us13B04,2
jFor2#for1_v2,us13B04,2
jFor2#JavaTutorial_4_6_7,us13B04,2
jFor2#JavaTutorial_4_6_9,us13B04,2
jFor2#relational_operators_v2,us13B04,2
jIfelse1#boolean_expression_v2,us13B04,2
jIfelse1#Decision_If_v2,us13B04,2
jIfelse1#JavaTutorial_4_2_2,us13B04,1
jIfelse1#OperatorExample_v2,us13B04,2
jIfelse5#arithmetic_v2,us13B04,2
jIfelse5#boolean_expression_v2,us13B04,3
jIfelse5#decisions1_v2,us13B04,2
jIfelse5#ifelse2_v2,us13B04,2
jIfelse5#JavaTutorial_4_2_2,us13B04,2
jIfelse5#nested_loops_v2,us13B04,2
jIfelse5#OperatorExample_v2,us13B04,2
jWhile3#JavaTutorial_4_2_2,us13B04,1
jWhile3#JavaTutorial_4_4_3,us13B04,3
jWhile3#JavaTutorial_4_6_9,us13B04,2
jWhile3#while_v2,us13B04,2
jWhile4#Decision_If_v2,us13B04,2
jWhile4#ifelse2_v2,us13B04,2
jWhile4#JavaTutorial_4_2_2,us13B04,2
jWhile4#JavaTutorial_4_2_8,us13B04,1
jWhile4#JavaTutorial_4_4_3,us13B04,3
jWhile4#JavaTutorial_4_6_12,us13B04,2
jWhile4#OperatorExample_v2,us13B04,2
jWhile4#while_v2,us13B04,2
j2D_Arrays1#array_declaration_v2,us13B05,2
j2D_Arrays1#inheritance_polymorphism_2,us13B05,1
jArray1#array_declaration_v2,us13B05,2
jArray1#create_2d_array_v2,us13B05,3
jArray1#inheritance_polymorphism_2,us13B05,2
jArray1#JavaTutorial_4_7_5,us13B05,3
jArray1#JavaTutorial_4_7_6,us13B05,1
jArray1#JavaTutorial_4_7_8,us13B05,2
jArray1#use_2darray_v2,us13B05,1
jArray1#using_array_v2,us13B05,1
jArray2#array_declaration_v2,us13B05,1
jArray2#create_2d_array_v2,us13B05,1
jArray2#inheritance_polymorphism_2,us13B05,1
jArray2#JavaTutorial_4_7_5,us13B05,2
jArray2#use_2darray_v2,us13B05,1
jArray2#use_array_v2,us13B05,2
jArray4#inheritance_polymorphism_2,us13B05,0
jArray4#JavaTutorial_4_6_7,us13B05,1
jArray4#use_2darray_v2,us13B05,1
jArray4#use_array_v2,us13B05,3
jArray4#using_array_v2,us13B05,2
jBankAccount#Bicycle_v2,us13B05,3
jBankAccount#CreateObjectDemo_v2,us13B05,3
jBankAccount#inheritance_constructors_1,us13B05,1
jBankAccount#Point_v2,us13B05,1
jBankAccount#Rectangle_v2,us13B05,1
jBankAccount#variables1_v2,us13B05,1
jBa_ques#arraylist1_v2,us13B05,2
jBa_ques#Bicycle_v2,us13B05,2
jBa_ques#Point_v2,us13B05,1
jBa_ques#Rectangle_v2,us13B05,1
jBa_ques#variables1_v2,us13B05,1
jClass1#Bicycle_v2,us13B05,2
jClass1#Point_v2,us13B05,1
jClass1#Rectangle_v2,us13B05,1
jClass1#variables1_v2,us13B05,1
jClasses4#Bicycle_v2,us13B05,3
jClasses4#Point_v2,us13B05,1
jClasses4#Rectangle_v2,us13B05,1
jClasses4#variables1_v2,us13B05,1
jDouble1#arithmetic_v2,us13B05,3
jDouble1#inheritance_casting_1,us13B05,1
jDouble1#JavaTutorial_4_7_4,us13B05,1
jDouble1#MathFunction_v2,us13B05,2
jDouble1#TypeCasting_v2,us13B05,2
jDouble1#variables1_v2,us13B05,2
jDouble1#variables2_v2,us13B05,2
jIncrement#increment_v2,us13B05,3
jIncrement#JavaTutorial_4_1_5,us13B05,1
jIncrement#JavaTutorial_4_2_8,us13B05,3
jIncrement#OperatorExample_v2,us13B05,2
jOperator1#arithmetic_v2,us13B05,2
jOperator1#Decision_If_v2,us13B05,2
jOperator1#ifelse2_v2,us13B05,2
jOperator1#JavaTutorial_4_1_5,us13B05,1
jOperator1#OperatorExample_v2,us13B05,2
jVariable1#JavaTutorial_4_1_5,us13B05,2
jVariable1#JavaTutorial_4_6_6,us13B05,2
jVariable1#JavaTutorial_4_6_9,us13B05,2
jVariable1#OperatorExample_v2,us13B05,1
jVariable1#Point_v2,us13B05,1
j2D_Arrays1#array_declaration_v2,us13B06,1
j2D_Arrays1#create_2d_array_v2,us13B06,1
j2D_Arrays1#JavaTutorial_4_7_2,us13B06,1
j2D_Arrays1#JavaTutorial_4_7_5,us13B06,1
j2D_Arrays1#use_2darray_v2,us13B06,3
jArray1#array_declaration_v2,us13B06,2
jArray1#create_2d_array_v2,us13B06,1
jArray1#JavaTutorial_4_6_9,us13B06,0
jArray1#JavaTutorial_4_7_6,us13B06,0
jArray1#use_2darray_v2,us13B06,0
jArray1#using_array_v2,us13B06,0
jArray2#array_declaration_v2,us13B06,2
jArray2#create_2d_array_v2,us13B06,1
jArray2#inheritance_polymorphism_2,us13B06,2
jArray2#use_2darray_v2,us13B06,1
jArray2#using_array_v2,us13B06,2
jArray4#create_2d_array_v2,us13B06,0
jArray4#inheritance_polymorphism_2,us13B06,2
jArray4#use_array_v2,us13B06,2
jArray4#using_array_v2,us13B06,2
jBankAccount#Bicycle_v2,us13B06,2
jBankAccount#inheritance_constructors_1,us13B06,0
jBankAccount#Point_v2,us13B06,2
jBankAccount#Rectangle_v2,us13B06,0
jBankAccount#simple_inheritance_1,us13B06,3
jBankAccount#variables1_v2,us13B06,2
jBa_ques#Bicycle_v2,us13B06,1
jBa_ques#inheritance_casting_1,us13B06,1
jBa_ques#inheritance_constructors_1,us13B06,2
jBa_ques#Point_v2,us13B06,1
jBa_ques#Rectangle_v2,us13B06,1
jBa_ques#variables1_v2,us13B06,2
jClass1#Bicycle_v2,us13B06,1
jClass1#inheritance_constructors_1,us13B06,1
jClass1#Point_v2,us13B06,2
jClass1#Rectangle_v2,us13B06,1
jClass1#variables1_v2,us13B06,2
jClasses4#Bicycle_v2,us13B06,2
jClasses4#Point_v2,us13B06,1
jClasses4#Rectangle_v2,us13B06,2
jClasses4#variables1_v2,us13B06,2
jFor1#for1_v2,us13B06,3
jFor1#JavaTutorial_4_6_6,us13B06,1
jFor1#JavaTutorial_4_6_7,us13B06,1
jFor1#JavaTutorial_4_6_9,us13B06,0
jFor2#for1_v2,us13B06,2
jFor2#JavaTutorial_4_6_7,us13B06,0
jFor2#JavaTutorial_4_6_9,us13B06,1
jFor2#relational_operators_v2,us13B06,1
jWhile3#JavaTutorial_4_2_2,us13B06,2
jWhile3#JavaTutorial_4_4_3,us13B06,0
jWhile3#JavaTutorial_4_6_9,us13B06,2
jWhile3#while_v2,us13B06,3
jWhile4#do_while_v2,us13B06,2
jWhile4#JavaTutorial_4_2_5,us13B06,1
jWhile4#JavaTutorial_4_4_3,us13B06,0
jWhile4#OperatorExample_v2,us13B06,2
jWhile4#while_v2,us13B06,1
j2D_Arrays1#array_declaration_v2,us13B07,2
j2D_Arrays1#create_2d_array_v2,us13B07,1
j2D_Arrays1#inheritance_polymorphism_2,us13B07,2
j2D_Arrays1#use_2darray_v2,us13B07,1
jArray1#array_declaration_v2,us13B07,1
jArray1#inheritance_polymorphism_2,us13B07,2
jArray1#JavaTutorial_4_7_6,us13B07,2
jArray1#use_2darray_v2,us13B07,0
jArray2#array_declaration_v2,us13B07,1
jArray2#inheritance_polymorphism_2,us13B07,2
jArray2#JavaTutorial_4_7_5,us13B07,2
jArray2#use_2darray_v2,us13B07,0
jArray2#use_array_v2,us13B07,0
jArray2#using_array_v2,us13B07,0
jArray4#array_declaration_v2,us13B07,0
jArray4#inheritance_polymorphism_2,us13B07,1
jArray4#use_array_v2,us13B07,0
jArray4#using_array_v2,us13B07,0
jBoolean_Operators#conditional_operators_v2,us13B07,1
jBoolean_Operators#JavaTutorial_4_2_2,us13B07,1
jBoolean_Operators#JavaTutorial_4_2_8,us13B07,2
jBoolean_Var#boolean_declaration_v2,us13B07,1
jBoolean_Var#boolean_expression_v2,us13B07,2
jBoolean_Var#boolean_operators_v2,us13B07,2
jFor1#for1_v2,us13B07,3
jFor1#JavaTutorial_4_6_6,us13B07,1
jFor1#JavaTutorial_4_6_7,us13B07,0
jFor1#JavaTutorial_4_6_9,us13B07,0
jFor2#for1_v2,us13B07,1
jFor2#JavaTutorial_4_6_6,us13B07,0
jFor2#JavaTutorial_4_6_7,us13B07,0
jFor2#nested_loops2_v2,us13B07,2
jFor2#relational_operators_v2,us13B07,3
jIfelse1#Decision_If_v2,us13B07,2
jIfelse1#JavaTutorial_4_2_2,us13B07,0
jIfelse1#OperatorExample_v2,us13B07,3
jIfelse5#boolean_expression_v2,us13B07,2
jIfelse5#ifelse2_v2,us13B07,3
jIfelse5#JavaTutorial_4_2_2,us13B07,1
jIfelse5#nested_loops_v2,us13B07,2
jIfelse5#OperatorExample_v2,us13B07,3
jWhile3#JavaTutorial_4_2_2,us13B07,1
jWhile3#JavaTutorial_4_4_3,us13B07,2
jWhile3#JavaTutorial_4_6_9,us13B07,2
jWhile3#while_v2,us13B07,2
jWhile4#Decision_If_v2,us13B07,2
jWhile4#ifelse2_v2,us13B07,3
jWhile4#while_v2,us13B07,2
jBoolean_Operators#boolean_expression_v2,us13B08,3
jBoolean_Operators#boolean_operators_v2,us13B08,3
jBoolean_Operators#conditional_operators_v2,us13B08,3
jBoolean_Operators#JavaTutorial_4_2_2,us13B08,2
jBoolean_Operators#JavaTutorial_4_2_8,us13B08,2
jBoolean_Var#boolean_declaration_v2,us13B08,3
jBoolean_Var#boolean_expression_v2,us13B08,2
jBoolean_Var#boolean_operators_v2,us13B08,3
jDouble1#inheritance_casting_1,us13B08,0
jDouble1#TypeCasting_v2,us13B08,2
jDouble1#variables1_v2,us13B08,1
jDouble1#variables2_v2,us13B08,1
jFor1#for1_v2,us13B08,3
jFor1#JavaTutorial_4_6_6,us13B08,1
jFor1#JavaTutorial_4_6_7,us13B08,1
jFor1#JavaTutorial_4_6_9,us13B08,1
jFor1#nested_loops2_v2,us13B08,1
jFor2#for1_v2,us13B08,2
jFor2#JavaTutorial_4_6_6,us13B08,1
jFor2#JavaTutorial_4_6_7,us13B08,1
jFor2#JavaTutorial_4_6_9,us13B08,1
jFor2#relational_operators_v2,us13B08,2
jIfelse1#boolean_expression_v2,us13B08,2
jIfelse1#Decision_If_v2,us13B08,3
jIfelse1#OperatorExample_v2,us13B08,2
jIfelse5#boolean_expression_v2,us13B08,2
jIfelse5#ifelse2_v2,us13B08,2
jIfelse5#JavaTutorial_4_2_2,us13B08,1
jIfelse5#nested_loops_v2,us13B08,2
jIfelse5#OperatorExample_v2,us13B08,2
jIncrement#increment_v2,us13B08,3
jIncrement#JavaTutorial_4_2_8,us13B08,3
jIncrement#OperatorExample_v2,us13B08,1
jIncrement#variables2_v2,us13B08,1
jOperator1#arithmetic_v2,us13B08,2
jOperator1#Decision_If_v2,us13B08,2
jOperator1#ifelse2_v2,us13B08,3
jOperator1#JavaTutorial_4_1_5,us13B08,1
jOperator1#OperatorExample_v2,us13B08,3
jVariable1#JavaTutorial_4_1_5,us13B08,1
jVariable1#JavaTutorial_4_6_6,us13B08,1
jVariable1#JavaTutorial_4_6_9,us13B08,2
jVariable1#OperatorExample_v2,us13B08,1
jWhile3#JavaTutorial_4_2_2,us13B08,1
jWhile3#JavaTutorial_4_4_3,us13B08,1
jWhile3#JavaTutorial_4_6_9,us13B08,2
jWhile3#while_v2,us13B08,3
jWhile4#Decision_If_v2,us13B08,3
jWhile4#ifelse2_v2,us13B08,3
jWhile4#JavaTutorial_4_2_2,us13B08,1
jWhile4#JavaTutorial_4_4_3,us13B08,1
jWhile4#OperatorExample_v2,us13B08,3
jWhile4#while_v2,us13B08,2
jBoolean_Var#boolean_declaration_v2,us13B09,2
jBoolean_Var#boolean_expression_v2,us13B09,3
jDouble1#arithmetic_v2,us13B09,3
jDouble1#inheritance_casting_1,us13B09,1
jDouble1#MathFunction_v2,us13B09,3
jDouble1#TypeCasting_v2,us13B09,1
jDouble1#variables1_v2,us13B09,2
jDouble1#variables2_v2,us13B09,2
jFor1#JavaTutorial_4_6_6,us13B09,2
jFor1#JavaTutorial_4_6_9,us13B09,1
jFor2#for1_v2,us13B09,2
jFor2#JavaTutorial_4_6_7,us13B09,2
jFor2#JavaTutorial_4_6_9,us13B09,1
jFor2#relational_operators_v2,us13B09,2
jIfelse1#boolean_expression_v2,us13B09,3
jIfelse1#comparison_operators_v2,us13B09,2
jIfelse1#Decision_If_v2,us13B09,1
jIfelse1#JavaTutorial_4_2_2,us13B09,2
jIfelse1#OperatorExample_v2,us13B09,3
jIfelse5#boolean_expression_v2,us13B09,2
jIfelse5#Decision_If_v2,us13B09,1
jIfelse5#ifelse2_v2,us13B09,2
jIncrement#increment_v2,us13B09,3
jOperator1#arithmetic_v2,us13B09,3
jOperator1#Decision_If_v2,us13B09,1
jOperator1#ifelse2_v2,us13B09,2
jOperator1#JavaTutorial_4_2_8,us13B09,1
jOperator1#OperatorExample_v2,us13B09,3
jVariable1#JavaTutorial_4_1_5,us13B09,2
jVariable1#JavaTutorial_4_6_6,us13B09,2
jVariable1#JavaTutorial_4_6_9,us13B09,2
jVariable1#OperatorExample_v2,us13B09,2
jVariable1#Point_v2,us13B09,1
jWhile3#JavaTutorial_4_2_2,us13B09,2
jWhile3#JavaTutorial_4_4_3,us13B09,2
jWhile3#JavaTutorial_4_6_9,us13B09,1
jWhile3#while_v2,us13B09,1
jBankAccount#Bicycle_v2,us13B10,2
jBankAccount#inheritance_constructors_1,us13B10,2
jBankAccount#JavaTutorial_4_7_4,us13B10,2
jBankAccount#Point_v2,us13B10,0
jBankAccount#Rectangle_v2,us13B10,2
jBankAccount#variables1_v2,us13B10,0
jBa_ques#Bicycle_v2,us13B10,2
jBa_ques#Rectangle_v2,us13B10,2
jBa_ques#variables1_v2,us13B10,0
jBoolean_Operators#boolean_expression_v2,us13B10,2
jBoolean_Operators#conditional_operators_v2,us13B10,3
jBoolean_Operators#JavaTutorial_4_2_2,us13B10,2
jBoolean_Operators#JavaTutorial_4_2_8,us13B10,2
jBoolean_Var#boolean_declaration_v2,us13B10,2
jBoolean_Var#boolean_expression_v2,us13B10,2
jBoolean_Var#boolean_operators_v2,us13B10,2
jClass1#Bicycle_v2,us13B10,3
jClass1#Point_v2,us13B10,2
jClass1#Rectangle_v2,us13B10,2
jClass1#variables1_v2,us13B10,0
jClasses4#Bicycle_v2,us13B10,2
jClasses4#CreateObjectDemo_v2,us13B10,2
jClasses4#Point_v2,us13B10,1
jClasses4#Rectangle_v2,us13B10,2
jClasses4#variables1_v2,us13B10,0
jFor1#for1_v2,us13B10,2
jFor1#JavaTutorial_4_6_6,us13B10,3
jFor1#JavaTutorial_4_6_7,us13B10,2
jFor1#JavaTutorial_4_6_9,us13B10,2
jFor2#for1_v2,us13B10,3
jFor2#JavaTutorial_4_6_7,us13B10,1
jFor2#JavaTutorial_4_6_9,us13B10,2
jFor2#relational_operators_v2,us13B10,0
jIfelse1#boolean_expression_v2,us13B10,1
jIfelse1#Decision_If_v2,us13B10,3
jIfelse1#OperatorExample_v2,us13B10,3
jIfelse5#boolean_expression_v2,us13B10,1
jIfelse5#ifelse2_v2,us13B10,3
jIfelse5#JavaTutorial_4_2_2,us13B10,1
jIfelse5#nested_loops_v2,us13B10,1
jIfelse5#OperatorExample_v2,us13B10,3
jInheritance1#constant_v2,us13B10,1
jInheritance1#inheritance_casting_1,us13B10,2
jInheritance1#inheritance_constructors_1,us13B10,2
jInheritance1#override_v2,us13B10,2
jInheritance1#Point_v2,us13B10,0
jInheritance1#Rectangle_v2,us13B10,2
jInheritance2#constant_v2,us13B10,1
jInheritance2#inheritance_casting_1,us13B10,2
jInheritance2#inheritance_constructors_1,us13B10,2
jInheritance2#override_v2,us13B10,2
jInheritance2#Rectangle_v2,us13B10,2
jInheritance3#inheritance_constructors_1,us13B10,2
jInheritance3#override_v2,us13B10,2
jInheritance3#Point_v2,us13B10,1
jInheritance3#Rectangle_v2,us13B10,2
jInheritance4#inheritance_casting_1,us13B10,2
jInheritance4#inheritance_constructors_1,us13B10,2
jInheritance4#JavaTutorial_4_7_4,us13B10,3
jInheritance4#override_v2,us13B10,2
jInheritance4#Rectangle_v2,us13B10,2
jWhile3#JavaTutorial_4_2_2,us13B10,0
jWhile3#JavaTutorial_4_4_3,us13B10,2
jWhile3#JavaTutorial_4_6_9,us13B10,0
jWhile3#while_v2,us13B10,2
jWhile4#Decision_If_v2,us13B10,2
jWhile4#ifelse2_v2,us13B10,2
jWhile4#JavaTutorial_4_2_2,us13B10,1
jWhile4#JavaTutorial_4_4_3,us13B10,1
jWhile4#OperatorExample_v2,us13B10,3
jWhile4#while_v2,us13B10,2
j2D_Arrays1#array_declaration_v2,us13B11,1
j2D_Arrays1#create_2d_array_v2,us13B11,2
j2D_Arrays1#use_2darray_v2,us13B11,2
j2D_Arrays1#using_array_v2,us13B11,1
jArray1#array_declaration_v2,us13B11,0
jArray1#JavaTutorial_4_7_6,us13B11,2
jArray1#use_2darray_v2,us13B11,1
jArray1#using_array_v2,us13B11,3
jArray2#array_declaration_v2,us13B11,2
jArray2#JavaTutorial_4_7_5,us13B11,2
jArray2#use_2darray_v2,us13B11,1
jArray2#use_array_v2,us13B11,2
jArray2#using_array_v2,us13B11,2
jArray4#use_array_v2,us13B11,3
jArray4#using_array_v2,us13B11,2
jBankAccount#Bicycle_v2,us13B11,2
jBankAccount#Rectangle_v2,us13B11,1
jBankAccount#variables1_v2,us13B11,1
jBa_ques#Bicycle_v2,us13B11,2
jBa_ques#Rectangle_v2,us13B11,2
jBa_ques#variables1_v2,us13B11,1
jClass1#Bicycle_v2,us13B11,1
jClass1#Rectangle_v2,us13B11,1
jClass1#variables1_v2,us13B11,1
jClasses4#Bicycle_v2,us13B11,2
jClasses4#Point_v2,us13B11,1
jClasses4#Rectangle_v2,us13B11,1
jClasses4#variables1_v2,us13B11,1
jDouble1#inheritance_casting_1,us13B11,0
jDouble1#TypeCasting_v2,us13B11,2
jDouble1#variables1_v2,us13B11,1
jDouble1#variables2_v2,us13B11,2
jIncrement#increment_v2,us13B11,2
jIncrement#JavaTutorial_4_2_8,us13B11,2
jIncrement#OperatorExample_v2,us13B11,1
jIncrement#variables2_v2,us13B11,1
jInheritance1#constant_v2,us13B11,2
jInheritance1#inheritance_casting_1,us13B11,1
jInheritance1#inheritance_constructors_1,us13B11,1
jInheritance1#override_v2,us13B11,1
jInheritance1#Point_v2,us13B11,1
jInheritance1#Rectangle_v2,us13B11,3
jInheritance2#constant_v2,us13B11,2
jInheritance2#inheritance_casting_1,us13B11,2
jInheritance2#inheritance_constructors_1,us13B11,1
jInheritance2#override_v2,us13B11,2
jInheritance3#inheritance_casting_1,us13B11,2
jInheritance3#inheritance_constructors_1,us13B11,2
jInheritance3#override_v2,us13B11,1
jInheritance3#Rectangle_v2,us13B11,2
jInheritance4#arraylist2_v2,us13B11,3
jInheritance4#constant_v2,us13B11,1
jInheritance4#CreateObjectDemo_v2,us13B11,2
jInheritance4#inheritance_constructors_1,us13B11,2
jInheritance4#override_v2,us13B11,1
jOperator1#arithmetic_v2,us13B11,3
jOperator1#Decision_If_v2,us13B11,2
jOperator1#ifelse2_v2,us13B11,2
jOperator1#JavaTutorial_4_1_5,us13B11,1
jOperator1#OperatorExample_v2,us13B11,3
jVariable1#JavaTutorial_4_1_5,us13B11,1
jVariable1#JavaTutorial_4_6_6,us13B11,2
jVariable1#JavaTutorial_4_6_9,us13B11,2
jVariable1#OperatorExample_v2,us13B11,1
jBoolean_Operators#boolean_expression_v2,us13B12,2
jBoolean_Operators#boolean_operators_v2,us13B12,2
jBoolean_Operators#conditional_operators_v2,us13B12,1
jBoolean_Operators#JavaTutorial_4_2_2,us13B12,2
jBoolean_Operators#JavaTutorial_4_2_8,us13B12,2
jBoolean_Var#boolean_declaration_v2,us13B12,2
jBoolean_Var#boolean_expression_v2,us13B12,2
jBoolean_Var#boolean_operators_v2,us13B12,1
jDouble1#inheritance_casting_1,us13B12,1
jDouble1#TypeCasting_v2,us13B12,1
jDouble1#variables1_v2,us13B12,1
jDouble1#variables2_v2,us13B12,1
jFor1#for1_v2,us13B12,2
jFor1#JavaTutorial_4_6_6,us13B12,2
jFor1#JavaTutorial_4_6_7,us13B12,1
jFor1#JavaTutorial_4_6_9,us13B12,3
jFor1#nested_loops2_v2,us13B12,1
jFor2#for1_v2,us13B12,2
jFor2#JavaTutorial_4_6_7,us13B12,1
jFor2#nested_loops2_v2,us13B12,1
jFor2#relational_operators_v2,us13B12,1
jIfelse1#boolean_expression_v2,us13B12,1
jIfelse1#Decision_If_v2,us13B12,2
jIfelse1#ifelse2_v2,us13B12,2
jIfelse1#OperatorExample_v2,us13B12,3
jIfelse5#boolean_expression_v2,us13B12,1
jIfelse5#ifelse2_v2,us13B12,1
jIfelse5#JavaTutorial_4_2_2,us13B12,1
jIfelse5#nested_loops_v2,us13B12,1
jIfelse5#OperatorExample_v2,us13B12,1
jIncrement#increment_v2,us13B12,3
jIncrement#JavaTutorial_4_2_8,us13B12,1
jIncrement#JavaTutorial_4_2_9,us13B12,1
jIncrement#OperatorExample_v2,us13B12,1
jIncrement#variables2_v2,us13B12,1
jOperator1#arithmetic_v2,us13B12,1
jOperator1#Decision_If_v2,us13B12,1
jOperator1#ifelse2_v2,us13B12,1
jOperator1#JavaTutorial_4_1_5,us13B12,1
jOperator1#OperatorExample_v2,us13B12,3
jVariable1#JavaTutorial_4_1_5,us13B12,1
jVariable1#JavaTutorial_4_6_6,us13B12,1
jVariable1#JavaTutorial_4_6_9,us13B12,1
jVariable1#JavaTutorial_4_7_5,us13B12,1
jVariable1#JavaTutorial_4_7_7,us13B12,1
jVariable1#JavaTutorial_4_7_8,us13B12,1
jVariable1#OperatorExample_v2,us13B12,2
jVariable1#Point_v2,us13B12,1
jWhile3#JavaTutorial_4_2_2,us13B12,1
jWhile3#JavaTutorial_4_4_2,us13B12,2
jWhile3#JavaTutorial_4_4_3,us13B12,0
jWhile3#JavaTutorial_4_6_6,us13B12,2
jWhile3#JavaTutorial_4_6_9,us13B12,2
jWhile3#while_v2,us13B12,1
jWhile4#Decision_If_v2,us13B12,1
jWhile4#ifelse2_v2,us13B12,1
jWhile4#while_v2,us13B12,2
jBoolean_Operators#boolean_expression_v2,us13B13,3
jBoolean_Operators#conditional_operators_v2,us13B13,2
jBoolean_Operators#JavaTutorial_4_2_2,us13B13,1
jBoolean_Operators#JavaTutorial_4_2_8,us13B13,1
jBoolean_Var#boolean_declaration_v2,us13B13,2
jBoolean_Var#boolean_expression_v2,us13B13,2
jBoolean_Var#boolean_operators_v2,us13B13,2
jDouble1#inheritance_casting_1,us13B13,0
jDouble1#TypeCasting_v2,us13B13,2
jDouble1#variables1_v2,us13B13,2
jDouble1#variables2_v2,us13B13,2
jFor1#for1_v2,us13B13,3
jFor1#JavaTutorial_4_6_6,us13B13,3
jFor1#JavaTutorial_4_6_7,us13B13,2
jFor1#JavaTutorial_4_6_9,us13B13,2
jFor2#for1_v2,us13B13,2
jFor2#JavaTutorial_4_6_6,us13B13,1
jFor2#JavaTutorial_4_6_7,us13B13,1
jFor2#nested_loops2_v2,us13B13,1
jFor2#relational_operators_v2,us13B13,2
jIfelse1#boolean_expression_v2,us13B13,1
jIfelse1#Decision_If_v2,us13B13,2
jIfelse1#JavaTutorial_4_2_2,us13B13,1
jIfelse1#OperatorExample_v2,us13B13,2
jIfelse5#boolean_expression_v2,us13B13,1
jIfelse5#ifelse2_v2,us13B13,2
jIfelse5#JavaTutorial_4_2_2,us13B13,1
jIfelse5#nested_loops_v2,us13B13,1
jIfelse5#OperatorExample_v2,us13B13,0
jIncrement#increment_v2,us13B13,2
jIncrement#JavaTutorial_4_2_8,us13B13,2
jIncrement#OperatorExample_v2,us13B13,1
jIncrement#variables2_v2,us13B13,1
jOperator1#arithmetic_v2,us13B13,2
jOperator1#Decision_If_v2,us13B13,2
jOperator1#ifelse2_v2,us13B13,2
jOperator1#JavaTutorial_4_1_5,us13B13,0
jOperator1#OperatorExample_v2,us13B13,3
jVariable1#JavaTutorial_4_1_5,us13B13,0
jVariable1#JavaTutorial_4_6_6,us13B13,3
jVariable1#JavaTutorial_4_6_9,us13B13,3
jVariable1#OperatorExample_v2,us13B13,1
jWhile3#JavaTutorial_4_2_2,us13B13,1
jWhile3#JavaTutorial_4_4_3,us13B13,2
jWhile3#JavaTutorial_4_6_9,us13B13,1
jWhile3#while_v2,us13B13,3
jWhile4#Decision_If_v2,us13B13,1
jWhile4#ifelse2_v2,us13B13,1
jWhile4#JavaTutorial_4_2_2,us13B13,1
jWhile4#JavaTutorial_4_4_3,us13B13,1
jWhile4#OperatorExample_v2,us13B13,2
jWhile4#while_v2,us13B13,1
j2D_Arrays1#array_declaration_v2,us13B14,2
j2D_Arrays1#create_2d_array_v2,us13B14,1
j2D_Arrays1#inheritance_polymorphism_2,us13B14,2
j2D_Arrays1#use_2darray_v2,us13B14,1
jArray1#array_declaration_v2,us13B14,1
jArray1#create_2d_array_v2,us13B14,1
jArray1#inheritance_polymorphism_2,us13B14,2
jArray1#JavaTutorial_4_7_6,us13B14,1
jArray1#use_2darray_v2,us13B14,2
jArray1#using_array_v2,us13B14,2
jArray2#array_declaration_v2,us13B14,2
jArray2#create_2d_array_v2,us13B14,2
jArray2#inheritance_polymorphism_2,us13B14,0
jArray2#JavaTutorial_4_7_5,us13B14,2
jArray2#use_2darray_v2,us13B14,1
jArray2#use_array_v2,us13B14,3
jArray4#create_2d_array_v2,us13B14,1
jArray4#inheritance_polymorphism_2,us13B14,2
jArray4#use_array_v2,us13B14,2
jArray4#using_array_v2,us13B14,3
jBankAccount#Bicycle_v2,us13B14,2
jBankAccount#inheritance_constructors_1,us13B14,3
jBankAccount#Point_v2,us13B14,2
jBankAccount#Rectangle_v2,us13B14,3
jBankAccount#simple_inheritance_1,us13B14,2
jBankAccount#variables1_v2,us13B14,1
jBa_ques#Bicycle_v2,us13B14,2
jBa_ques#inheritance_casting_1,us13B14,1
jBa_ques#inheritance_constructors_1,us13B14,2
jBa_ques#Point_v2,us13B14,3
jBa_ques#Rectangle_v2,us13B14,1
jBa_ques#variables1_v2,us13B14,1
jBoolean_Operators#conditional_operators_v2,us13B14,2
jBoolean_Operators#JavaTutorial_4_2_2,us13B14,3
jBoolean_Operators#JavaTutorial_4_2_8,us13B14,2
jBoolean_Var#boolean_declaration_v2,us13B14,2
jBoolean_Var#boolean_operators_v2,us13B14,2
jClass1#Bicycle_v2,us13B14,2
jClass1#inheritance_constructors_1,us13B14,2
jClass1#Point_v2,us13B14,2
jClass1#Rectangle_v2,us13B14,0
jClass1#variables1_v2,us13B14,2
jClasses4#Bicycle_v2,us13B14,0
jClasses4#inheritance_constructors_1,us13B14,0
jClasses4#Point_v2,us13B14,2
jClasses4#Rectangle_v2,us13B14,0
jClasses4#simple_inheritance_1,us13B14,2
jClasses4#variables1_v2,us13B14,1
jDouble1#arithmetic_v2,us13B14,3
jDouble1#inheritance_casting_1,us13B14,1
jDouble1#TypeCasting_v2,us13B14,2
jDouble1#variables1_v2,us13B14,2
jDouble1#variables2_v2,us13B14,2
jFor1#JavaTutorial_4_6_6,us13B14,3
jFor1#JavaTutorial_4_6_7,us13B14,3
jFor1#JavaTutorial_4_6_9,us13B14,3
jFor1#use_array_v2,us13B14,3
jFor1#using_array_v2,us13B14,2
jFor2#for1_v2,us13B14,2
jFor2#JavaTutorial_4_6_7,us13B14,1
jFor2#relational_operators_v2,us13B14,1
jFor2#use_array_v2,us13B14,3
jFor2#using_array_v2,us13B14,2
jIfelse1#Decision_If_v2,us13B14,2
jIfelse1#JavaTutorial_4_2_2,us13B14,1
jIfelse1#OperatorExample_v2,us13B14,3
jIfelse5#boolean_expression_v2,us13B14,3
jIfelse5#ifelse2_v2,us13B14,3
jIfelse5#JavaTutorial_4_2_2,us13B14,2
jIfelse5#nested_loops_v2,us13B14,2
jIncrement#increment_v2,us13B14,2
jIncrement#JavaTutorial_4_1_5,us13B14,1
jIncrement#JavaTutorial_4_2_8,us13B14,2
jInheritance1#constant_v2,us13B14,3
jInheritance1#inheritance_casting_1,us13B14,0
jInheritance1#inheritance_constructors_1,us13B14,2
jOperator1#create_2d_array_v2,us13B14,1
jOperator1#Decision_If_v2,us13B14,3
jOperator1#ifelse2_v2,us13B14,3
jOperator1#JavaTutorial_4_1_5,us13B14,1
jOperator1#JavaTutorial_4_2_2,us13B14,1
jOperator1#OperatorExample_v2,us13B14,3
jVariable1#JavaTutorial_4_1_5,us13B14,2
jVariable1#JavaTutorial_4_6_6,us13B14,2
jVariable1#JavaTutorial_4_6_9,us13B14,3
jVariable1#OperatorExample_v2,us13B14,1
jVariable1#Point_v2,us13B14,1
jWhile3#JavaTutorial_4_2_2,us13B14,2
jWhile3#JavaTutorial_4_4_3,us13B14,2
jWhile3#JavaTutorial_4_6_9,us13B14,3
jWhile3#while_v2,us13B14,2
jWhile4#Decision_If_v2,us13B14,3
jWhile4#ifelse2_v2,us13B14,3
jWhile4#JavaTutorial_4_2_2,us13B14,0
jWhile4#while_v2,us13B14,1
j2D_Arrays1#array_declaration_v2,us13B15,1
j2D_Arrays1#create_2d_array_v2,us13B15,2
j2D_Arrays1#inheritance_polymorphism_2,us13B15,1
j2D_Arrays1#use_2darray_v2,us13B15,2
jArray1#array_declaration_v2,us13B15,2
jArray1#create_2d_array_v2,us13B15,1
jArray1#JavaTutorial_4_7_2,us13B15,2
jArray1#JavaTutorial_4_7_5,us13B15,2
jArray1#JavaTutorial_4_7_6,us13B15,2
jArray1#use_2darray_v2,us13B15,1
jArray1#use_array_v2,us13B15,2
jArray1#using_array_v2,us13B15,2
jArray2#array_declaration_v2,us13B15,0
jArray2#create_2d_array_v2,us13B15,0
jArray2#JavaTutorial_4_7_5,us13B15,2
jArray2#use_2darray_v2,us13B15,2
jArray2#use_array_v2,us13B15,2
jArray2#using_array_v2,us13B15,3
jArray4#array_declaration_v2,us13B15,1
jArray4#inheritance_polymorphism_2,us13B15,2
jArray4#JavaTutorial_4_7_6,us13B15,2
jArray4#use_2darray_v2,us13B15,1
jArray4#use_array_v2,us13B15,2
jArray4#using_array_v2,us13B15,2
jBankAccount#Bicycle_v2,us13B15,3
jBankAccount#CreateObjectDemo_v2,us13B15,3
jBankAccount#Point_v2,us13B15,1
jBankAccount#Rectangle_v2,us13B15,2
jBankAccount#variables1_v2,us13B15,0
jBa_ques#arraylist1_v2,us13B15,0
jBa_ques#Bicycle_v2,us13B15,2
jBa_ques#Point_v2,us13B15,1
jBa_ques#Rectangle_v2,us13B15,3
jBa_ques#variables1_v2,us13B15,0
jClass1#Bicycle_v2,us13B15,2
jClass1#inheritance_constructors_1,us13B15,0
jClass1#Rectangle_v2,us13B15,2
jClass1#variables1_v2,us13B15,0
jClasses4#Bicycle_v2,us13B15,2
jClasses4#inheritance_constructors_1,us13B15,2
jClasses4#Point_v2,us13B15,1
jClasses4#Rectangle_v2,us13B15,3
jClasses4#variables1_v2,us13B15,1
jFor1#for1_v2,us13B15,1
jFor1#JavaTutorial_4_6_6,us13B15,2
jFor1#JavaTutorial_4_6_7,us13B15,1
jFor1#JavaTutorial_4_6_9,us13B15,2
jFor2#for1_v2,us13B15,1
jFor2#JavaTutorial_4_6_7,us13B15,1
jFor2#JavaTutorial_4_6_9,us13B15,2
jFor2#relational_operators_v2,us13B15,0
jWhile3#JavaTutorial_4_2_2,us13B15,2
jWhile3#JavaTutorial_4_4_3,us13B15,1
jWhile3#JavaTutorial_4_6_9,us13B15,2
jWhile3#while_v2,us13B15,2
jWhile4#Decision_If_v2,us13B15,2
jWhile4#ifelse2_v2,us13B15,2
jWhile4#JavaTutorial_4_2_2,us13B15,1
jWhile4#JavaTutorial_4_4_3,us13B15,1
jWhile4#OperatorExample_v2,us13B15,2
jWhile4#while_v2,us13B15,1
j2D_Arrays1#array_declaration_v2,us13C01,3
j2D_Arrays1#create_2d_array_v2,us13C01,3
j2D_Arrays1#use_2darray_v2,us13C01,1
j2D_Arrays1#use_array_v2,us13C01,3
j2D_Arrays1#using_array_v2,us13C01,3
jArray1#array_declaration_v2,us13C01,3
jArray1#JavaTutorial_4_7_6,us13C01,2
jArray1#use_2darray_v2,us13C01,2
jArray1#using_array_v2,us13C01,2
jArray2#array_declaration_v2,us13C01,2
jArray2#create_2d_array_v2,us13C01,2
jArray2#JavaTutorial_4_7_5,us13C01,1
jArray2#use_2darray_v2,us13C01,1
jArray2#use_array_v2,us13C01,1
jArray2#using_array_v2,us13C01,2
jArray4#create_2d_array_v2,us13C01,2
jArray4#use_array_v2,us13C01,3
jArray4#using_array_v2,us13C01,1
jBoolean_Operators#boolean_expression_v2,us13C01,3
jBoolean_Operators#comparison_operators_v2,us13C01,2
jBoolean_Operators#conditional_operators_v2,us13C01,1
jBoolean_Operators#JavaTutorial_4_2_2,us13C01,2
jBoolean_Operators#JavaTutorial_4_2_8,us13C01,1
jBoolean_Var#boolean_declaration_v2,us13C01,2
jBoolean_Var#boolean_expression_v2,us13C01,3
jBoolean_Var#boolean_operators_v2,us13C01,3
jDouble1#arithmetic_v2,us13C01,2
jDouble1#inheritance_casting_1,us13C01,1
jDouble1#TypeCasting_v2,us13C01,2
jDouble1#variables1_v2,us13C01,2
jDouble1#variables2_v2,us13C01,2
jFor1#for1_v2,us13C01,2
jFor1#JavaTutorial_4_6_6,us13C01,3
jFor1#JavaTutorial_4_6_7,us13C01,3
jFor1#JavaTutorial_4_6_9,us13C01,1
jFor2#for1_v2,us13C01,1
jFor2#JavaTutorial_4_6_6,us13C01,3
jFor2#JavaTutorial_4_6_7,us13C01,3
jFor2#JavaTutorial_4_6_9,us13C01,2
jFor2#relational_operators_v2,us13C01,2
jIfelse1#Decision_If_v2,us13C01,3
jIfelse1#JavaTutorial_4_2_2,us13C01,2
jIfelse1#OperatorExample_v2,us13C01,2
jIfelse5#boolean_expression_v2,us13C01,2
jIfelse5#ifelse2_v2,us13C01,2
jIfelse5#JavaTutorial_4_2_2,us13C01,2
jIfelse5#nested_loops_v2,us13C01,2
jIncrement#increment_v2,us13C01,2
jIncrement#JavaTutorial_4_1_5,us13C01,1
jIncrement#JavaTutorial_4_2_8,us13C01,2
jIncrement#JavaTutorial_4_2_9,us13C01,3
jIncrement#OperatorExample_v2,us13C01,3
jOperator1#arithmetic_v2,us13C01,2
jOperator1#Decision_If_v2,us13C01,2
jOperator1#ifelse2_v2,us13C01,3
jOperator1#JavaTutorial_4_1_5,us13C01,2
jOperator1#OperatorExample_v2,us13C01,3
jVariable1#JavaTutorial_4_1_5,us13C01,2
jVariable1#JavaTutorial_4_6_6,us13C01,3
jVariable1#JavaTutorial_4_6_9,us13C01,2
jVariable1#OperatorExample_v2,us13C01,3
jWhile3#do_while_v2,us13C01,2
jWhile3#for1_v2,us13C01,3
jWhile3#JavaTutorial_4_2_2,us13C01,2
jWhile3#JavaTutorial_4_4_3,us13C01,3
jWhile3#JavaTutorial_4_6_6,us13C01,3
jWhile3#JavaTutorial_4_6_9,us13C01,2
jWhile3#while_v2,us13C01,2
jWhile4#Decision_If_v2,us13C01,2
jWhile4#ifelse2_v2,us13C01,3
jWhile4#JavaTutorial_4_2_2,us13C01,2
jWhile4#OperatorExample_v2,us13C01,3
jWhile4#while_v2,us13C01,3
j2D_Arrays1#array_declaration_v2,us13C02,1
j2D_Arrays1#create_2d_array_v2,us13C02,1
j2D_Arrays1#use_2darray_v2,us13C02,1
j2D_Arrays1#use_array_v2,us13C02,1
j2D_Arrays1#using_array_v2,us13C02,1
jArray1#array_declaration_v2,us13C02,1
jArray1#JavaTutorial_4_7_5,us13C02,1
jArray1#JavaTutorial_4_7_8,us13C02,1
jArray1#use_2darray_v2,us13C02,1
jArray1#using_array_v2,us13C02,1
jBa_ques#Bicycle_v2,us13C02,1
jBa_ques#Point_v2,us13C02,1
jBa_ques#Rectangle_v2,us13C02,1
jBa_ques#variables1_v2,us13C02,1
jClass1#Bicycle_v2,us13C02,1
jClass1#inheritance_constructors_1,us13C02,1
jClass1#Point_v2,us13C02,1
jClass1#Rectangle_v2,us13C02,1
jClass1#variables1_v2,us13C02,1
jFor1#for1_v2,us13C02,1
jFor1#JavaTutorial_4_6_6,us13C02,1
jFor1#JavaTutorial_4_6_7,us13C02,1
jFor1#JavaTutorial_4_6_9,us13C02,1
jFor2#for1_v2,us13C02,1
jFor2#JavaTutorial_4_6_7,us13C02,1
jFor2#relational_operators_v2,us13C02,1
jInheritance1#boolean_operators_v2,us13C02,1
jInheritance1#constant_v2,us13C02,1
jInheritance1#CreateObjectDemo_v2,us13C02,1
jInheritance1#inheritance_casting_1,us13C02,1
jInheritance1#inheritance_constructors_1,us13C02,1
jInheritance1#override_v2,us13C02,1
jInheritance1#Point_v2,us13C02,1
jInheritance1#Rectangle_v2,us13C02,1
jInheritance2#constant_v2,us13C02,1
jInheritance2#inheritance_casting_1,us13C02,1
jInheritance2#inheritance_constructors_1,us13C02,1
jInheritance2#override_v2,us13C02,1
jInheritance2#Rectangle_v2,us13C02,1
jInheritance3#CreateObjectDemo_v2,us13C02,1
jInheritance3#inheritance_casting_1,us13C02,1
jInheritance3#inheritance_constructors_1,us13C02,1
jInheritance3#override_v2,us13C02,1
jInheritance3#poly_v2,us13C02,1
jInheritance3#Rectangle_v2,us13C02,1
jOperator1#OperatorExample_v2,us13C02,3
jVariable1#JavaTutorial_4_6_6,us13C02,2
jVariable1#JavaTutorial_4_6_9,us13C02,1
jWhile3#JavaTutorial_4_2_2,us13C02,1
jWhile3#JavaTutorial_4_4_3,us13C02,1
jWhile3#JavaTutorial_4_6_9,us13C02,1
jWhile3#while_v2,us13C02,1
jWhile4#Decision_If_v2,us13C02,2
jWhile4#ifelse2_v2,us13C02,1
jWhile4#JavaTutorial_4_2_2,us13C02,1
jWhile4#JavaTutorial_4_4_3,us13C02,1
jWhile4#OperatorExample_v2,us13C02,1
jWhile4#while_v2,us13C02,1
jBankAccount#Bicycle_v2,us13C03,1
jBankAccount#Rectangle_v2,us13C03,1
jBankAccount#variables1_v2,us13C03,2
jBa_ques#Bicycle_v2,us13C03,1
jBa_ques#Rectangle_v2,us13C03,2
jBa_ques#variables1_v2,us13C03,3
jBoolean_Operators#boolean_expression_v2,us13C03,3
jBoolean_Operators#conditional_operators_v2,us13C03,3
jBoolean_Operators#JavaTutorial_4_2_2,us13C03,3
jBoolean_Operators#JavaTutorial_4_2_8,us13C03,2
jBoolean_Var#boolean_declaration_v2,us13C03,3
jBoolean_Var#boolean_operators_v2,us13C03,2
jBoolean_Var#comparison_operators_v2,us13C03,2
jBoolean_Var#relational_operators_v2,us13C03,2
jClass1#Bicycle_v2,us13C03,2
jClass1#Rectangle_v2,us13C03,2
jClass1#variables1_v2,us13C03,3
jClasses4#Bicycle_v2,us13C03,2
jClasses4#Point_v2,us13C03,1
jClasses4#Rectangle_v2,us13C03,2
jClasses4#variables1_v2,us13C03,2
jFor1#for1_v2,us13C03,2
jFor1#JavaTutorial_4_6_6,us13C03,2
jFor1#JavaTutorial_4_6_7,us13C03,2
jFor1#JavaTutorial_4_6_9,us13C03,2
jFor2#for1_v2,us13C03,3
jFor2#JavaTutorial_4_6_6,us13C03,3
jFor2#JavaTutorial_4_6_7,us13C03,1
jFor2#nested_loops2_v2,us13C03,3
jFor2#relational_operators_v2,us13C03,0
jIfelse1#boolean_expression_v2,us13C03,2
jIfelse1#Decision_If_v2,us13C03,2
jIfelse1#OperatorExample_v2,us13C03,2
jIfelse5#boolean_expression_v2,us13C03,2
jIfelse5#ifelse2_v2,us13C03,3
jIfelse5#JavaTutorial_4_2_2,us13C03,2
jIfelse5#nested_loops_v2,us13C03,3
jIfelse5#OperatorExample_v2,us13C03,2
jWhile3#JavaTutorial_4_2_2,us13C03,1
jWhile3#JavaTutorial_4_4_3,us13C03,2
jWhile3#JavaTutorial_4_6_9,us13C03,3
jWhile3#while_v2,us13C03,3
jWhile4#Decision_If_v2,us13C03,2
jWhile4#ifelse2_v2,us13C03,2
jWhile4#JavaTutorial_4_2_2,us13C03,2
jWhile4#JavaTutorial_4_4_3,us13C03,2
jWhile4#OperatorExample_v2,us13C03,3
jWhile4#while_v2,us13C03,3
j2D_Arrays1#array_declaration_v2,us13C04,1
j2D_Arrays1#create_2d_array_v2,us13C04,1
j2D_Arrays1#use_2darray_v2,us13C04,2
j2D_Arrays1#using_array_v2,us13C04,1
jArray1#array_declaration_v2,us13C04,1
jArray1#create_2d_array_v2,us13C04,1
jArray1#JavaTutorial_4_7_6,us13C04,2
jArray1#use_2darray_v2,us13C04,1
jArray1#using_array_v2,us13C04,2
jArray2#array_declaration_v2,us13C04,1
jArray2#JavaTutorial_4_7_5,us13C04,1
jArray2#use_2darray_v2,us13C04,1
jArray2#use_array_v2,us13C04,2
jArray2#using_array_v2,us13C04,2
jArray4#create_2d_array_v2,us13C04,1
jArray4#use_array_v2,us13C04,2
jArray4#using_array_v2,us13C04,2
jBankAccount#Bicycle_v2,us13C04,2
jBankAccount#Point_v2,us13C04,1
jBankAccount#Rectangle_v2,us13C04,2
jBankAccount#variables1_v2,us13C04,0
jBa_ques#Bicycle_v2,us13C04,2
jBa_ques#CreateObjectDemo_v2,us13C04,2
jBa_ques#JavaTutorial_4_4_3,us13C04,1
jBa_ques#Point_v2,us13C04,1
jBa_ques#Rectangle_v2,us13C04,2
jBa_ques#variables1_v2,us13C04,0
jClass1#Bicycle_v2,us13C04,2
jClass1#Point_v2,us13C04,2
jClass1#Rectangle_v2,us13C04,2
jClass1#variables1_v2,us13C04,1
jClasses4#Bicycle_v2,us13C04,1
jClasses4#Point_v2,us13C04,1
jClasses4#Rectangle_v2,us13C04,2
jClasses4#variables1_v2,us13C04,1
jFor1#for1_v2,us13C04,2
jFor1#JavaTutorial_4_6_6,us13C04,2
jFor1#JavaTutorial_4_6_7,us13C04,1
jFor1#JavaTutorial_4_6_9,us13C04,2
jFor2#for1_v2,us13C04,1
jFor2#JavaTutorial_4_6_7,us13C04,1
jFor2#JavaTutorial_4_6_9,us13C04,2
jFor2#relational_operators_v2,us13C04,1
jInheritance1#constant_v2,us13C04,1
jInheritance1#inheritance_casting_1,us13C04,2
jInheritance1#inheritance_constructors_1,us13C04,2
jInheritance1#override_v2,us13C04,3
jInheritance1#Point_v2,us13C04,0
jInheritance1#Rectangle_v2,us13C04,2
jInheritance2#constant_v2,us13C04,1
jInheritance2#CreateObjectDemo_v2,us13C04,1
jInheritance2#inheritance_casting_1,us13C04,1
jInheritance2#inheritance_constructors_1,us13C04,2
jInheritance2#override_v2,us13C04,1
jInheritance2#poly_v2,us13C04,2
jInheritance2#Rectangle_v2,us13C04,2
jInheritance3#CreateObjectDemo_v2,us13C04,3
jInheritance3#inheritance_constructors_1,us13C04,3
jInheritance3#override_v2,us13C04,2
jInheritance3#poly_v2,us13C04,2
jInheritance3#Rectangle_v2,us13C04,2
jInheritance4#CreateObjectDemo_v2,us13C04,1
jInheritance4#inheritance_constructors_1,us13C04,1
jInheritance4#override_v2,us13C04,1
jInheritance4#Rectangle_v2,us13C04,1
jWhile3#JavaTutorial_4_2_2,us13C04,1
jWhile3#JavaTutorial_4_4_3,us13C04,1
jWhile3#JavaTutorial_4_6_9,us13C04,2
jWhile3#while_v2,us13C04,2
jWhile4#Decision_If_v2,us13C04,2
jWhile4#ifelse2_v2,us13C04,2
jWhile4#JavaTutorial_4_2_2,us13C04,1
jWhile4#JavaTutorial_4_4_3,us13C04,1
jWhile4#OperatorExample_v2,us13C04,1
jWhile4#while_v2,us13C04,2
j2D_Arrays1#array_declaration_v2,us13C05,1
j2D_Arrays1#create_2d_array_v2,us13C05,2
j2D_Arrays1#use_2darray_v2,us13C05,3
j2D_Arrays1#use_array_v2,us13C05,1
j2D_Arrays1#using_array_v2,us13C05,1
jArray1#array_declaration_v2,us13C05,2
jArray1#JavaTutorial_4_7_6,us13C05,2
jArray1#use_2darray_v2,us13C05,1
jArray1#using_array_v2,us13C05,2
jArray2#array_declaration_v2,us13C05,2
jArray2#JavaTutorial_4_7_5,us13C05,1
jArray2#use_2darray_v2,us13C05,1
jArray2#use_array_v2,us13C05,2
jArray2#using_array_v2,us13C05,2
jArray4#use_array_v2,us13C05,2
jArray4#using_array_v2,us13C05,2
jBankAccount#Bicycle_v2,us13C05,1
jBankAccount#inheritance_constructors_1,us13C05,1
jBankAccount#JavaTutorial_4_4_3,us13C05,1
jBankAccount#Rectangle_v2,us13C05,2
jBankAccount#variables1_v2,us13C05,1
jBa_ques#Bicycle_v2,us13C05,2
jBa_ques#Rectangle_v2,us13C05,2
jBa_ques#variables1_v2,us13C05,1
jBoolean_Operators#boolean_expression_v2,us13C05,2
jBoolean_Operators#conditional_operators_v2,us13C05,1
jBoolean_Operators#JavaTutorial_4_2_2,us13C05,2
jBoolean_Operators#JavaTutorial_4_2_8,us13C05,2
jBoolean_Var#boolean_declaration_v2,us13C05,2
jBoolean_Var#boolean_expression_v2,us13C05,2
jBoolean_Var#boolean_operators_v2,us13C05,2
jClass1#Bicycle_v2,us13C05,2
jClass1#Point_v2,us13C05,2
jClass1#Rectangle_v2,us13C05,2
jClass1#variables1_v2,us13C05,1
jClasses4#Bicycle_v2,us13C05,2
jClasses4#inheritance_constructors_1,us13C05,1
jClasses4#Point_v2,us13C05,1
jClasses4#Rectangle_v2,us13C05,2
jClasses4#variables1_v2,us13C05,1
jDouble1#arithmetic_v2,us13C05,2
jDouble1#inheritance_casting_1,us13C05,1
jDouble1#TypeCasting_v2,us13C05,3
jDouble1#variables1_v2,us13C05,1
jDouble1#variables2_v2,us13C05,1
jFor1#for1_v2,us13C05,1
jFor1#JavaTutorial_4_6_6,us13C05,1
jFor1#JavaTutorial_4_6_7,us13C05,1
jFor1#JavaTutorial_4_6_9,us13C05,1
jFor2#for1_v2,us13C05,2
jFor2#JavaTutorial_4_6_7,us13C05,1
jFor2#JavaTutorial_4_6_9,us13C05,2
jFor2#relational_operators_v2,us13C05,1
jIfelse1#boolean_expression_v2,us13C05,2
jIfelse1#Decision_If_v2,us13C05,2
jIfelse1#OperatorExample_v2,us13C05,2
jIfelse5#boolean_expression_v2,us13C05,1
jIfelse5#ifelse2_v2,us13C05,2
jIfelse5#JavaTutorial_4_2_2,us13C05,1
jIfelse5#nested_loops_v2,us13C05,2
jIfelse5#OperatorExample_v2,us13C05,1
jIncrement#increment_v2,us13C05,3
jIncrement#JavaTutorial_4_1_5,us13C05,1
jIncrement#JavaTutorial_4_2_8,us13C05,1
jIncrement#JavaTutorial_4_2_9,us13C05,2
jIncrement#OperatorExample_v2,us13C05,1
jIncrement#variables2_v2,us13C05,1
jOperator1#arithmetic_v2,us13C05,2
jOperator1#Decision_If_v2,us13C05,2
jOperator1#ifelse2_v2,us13C05,2
jOperator1#JavaTutorial_4_1_5,us13C05,1
jOperator1#OperatorExample_v2,us13C05,2
jVariable1#JavaTutorial_4_1_5,us13C05,1
jVariable1#JavaTutorial_4_6_6,us13C05,1
jVariable1#JavaTutorial_4_6_9,us13C05,2
jVariable1#OperatorExample_v2,us13C05,1
jWhile3#JavaTutorial_4_2_2,us13C05,1
jWhile3#JavaTutorial_4_4_3,us13C05,1
jWhile3#JavaTutorial_4_6_9,us13C05,2
jWhile3#while_v2,us13C05,2
jWhile4#Decision_If_v2,us13C05,2
jWhile4#ifelse2_v2,us13C05,1
jWhile4#JavaTutorial_4_2_2,us13C05,1
jWhile4#JavaTutorial_4_4_3,us13C05,1
jWhile4#OperatorExample_v2,us13C05,1
jWhile4#while_v2,us13C05,2
jBankAccount#Bicycle_v2,us13C06,2
jBankAccount#Point_v2,us13C06,2
jBankAccount#Rectangle_v2,us13C06,2
jBankAccount#variables1_v2,us13C06,1
jBa_ques#Bicycle_v2,us13C06,2
jBa_ques#Rectangle_v2,us13C06,2
jBa_ques#variables1_v2,us13C06,1
jClass1#Bicycle_v2,us13C06,2
jClass1#Point_v2,us13C06,2
jClass1#Rectangle_v2,us13C06,2
jClass1#variables1_v2,us13C06,1
jClasses4#Bicycle_v2,us13C06,2
jClasses4#Point_v2,us13C06,2
jClasses4#Rectangle_v2,us13C06,2
jClasses4#variables1_v2,us13C06,1
jDouble1#inheritance_casting_1,us13C06,1
jDouble1#TypeCasting_v2,us13C06,2
jDouble1#variables1_v2,us13C06,2
jDouble1#variables2_v2,us13C06,2
jFor1#for1_v2,us13C06,3
jFor1#JavaTutorial_4_6_6,us13C06,2
jFor1#JavaTutorial_4_6_7,us13C06,2
jFor1#JavaTutorial_4_6_9,us13C06,2
jFor2#for1_v2,us13C06,3
jFor2#JavaTutorial_4_6_7,us13C06,2
jFor2#JavaTutorial_4_6_9,us13C06,2
jFor2#relational_operators_v2,us13C06,1
jIncrement#increment_v2,us13C06,3
jIncrement#JavaTutorial_4_2_8,us13C06,1
jIncrement#OperatorExample_v2,us13C06,1
jIncrement#variables2_v2,us13C06,2
jInheritance1#constant_v2,us13C06,1
jInheritance1#inheritance_casting_1,us13C06,2
jInheritance1#inheritance_constructors_1,us13C06,2
jInheritance1#override_v2,us13C06,2
jInheritance1#Point_v2,us13C06,1
jInheritance1#Rectangle_v2,us13C06,1
jInheritance2#constant_v2,us13C06,1
jInheritance2#inheritance_casting_1,us13C06,2
jInheritance2#inheritance_constructors_1,us13C06,2
jInheritance2#override_v2,us13C06,2
jInheritance2#Rectangle_v2,us13C06,1
jInheritance3#inheritance_constructors_1,us13C06,2
jInheritance3#override_v2,us13C06,2
jInheritance3#Point_v2,us13C06,1
jInheritance3#Rectangle_v2,us13C06,1
jInheritance4#inheritance_constructors_1,us13C06,2
jInheritance4#override_v2,us13C06,2
jInheritance4#Point_v2,us13C06,1
jInheritance4#Rectangle_v2,us13C06,1
jOperator1#arithmetic_v2,us13C06,2
jOperator1#Decision_If_v2,us13C06,1
jOperator1#ifelse2_v2,us13C06,2
jOperator1#JavaTutorial_4_1_5,us13C06,1
jOperator1#OperatorExample_v2,us13C06,3
jVariable1#JavaTutorial_4_1_5,us13C06,1
jVariable1#JavaTutorial_4_6_6,us13C06,2
jVariable1#JavaTutorial_4_6_9,us13C06,2
jVariable1#OperatorExample_v2,us13C06,1
jWhile3#JavaTutorial_4_2_2,us13C06,1
jWhile3#JavaTutorial_4_4_3,us13C06,1
jWhile3#JavaTutorial_4_6_9,us13C06,1
jWhile3#while_v2,us13C06,3
jWhile4#Decision_If_v2,us13C06,2
jWhile4#ifelse2_v2,us13C06,1
jWhile4#JavaTutorial_4_2_2,us13C06,1
jWhile4#JavaTutorial_4_2_8,us13C06,1
jWhile4#JavaTutorial_4_4_3,us13C06,1
jWhile4#OperatorExample_v2,us13C06,2
jWhile4#while_v2,us13C06,2
jBoolean_Operators#boolean_expression_v2,us13C07,1
jBoolean_Operators#comparison_operators_v2,us13C07,2
jBoolean_Operators#conditional_operators_v2,us13C07,2
jBoolean_Operators#JavaTutorial_4_2_2,us13C07,1
jBoolean_Operators#JavaTutorial_4_2_8,us13C07,2
jBoolean_Var#boolean_declaration_v2,us13C07,1
jBoolean_Var#boolean_expression_v2,us13C07,2
jBoolean_Var#boolean_operators_v2,us13C07,1
jBoolean_Var#JavaTutorial_4_2_2,us13C07,2
jBoolean_Var#PrimitiveDataTypes_v2,us13C07,3
jDouble1#inheritance_casting_1,us13C07,1
jDouble1#TypeCasting_v2,us13C07,2
jDouble1#variables1_v2,us13C07,2
jDouble1#variables2_v2,us13C07,2
jFor1#JavaTutorial_4_6_6,us13C07,2
jFor1#JavaTutorial_4_6_7,us13C07,1
jFor1#JavaTutorial_4_6_8,us13C07,2
jFor1#JavaTutorial_4_6_9,us13C07,2
jFor1#using_array_v2,us13C07,1
jFor2#for1_v2,us13C07,2
jFor2#JavaTutorial_4_6_7,us13C07,1
jFor2#JavaTutorial_4_6_9,us13C07,1
jFor2#relational_operators_v2,us13C07,2
jIfelse1#Decision_If_v2,us13C07,2
jIfelse1#JavaTutorial_4_2_2,us13C07,2
jIfelse1#OperatorExample_v2,us13C07,3
jIfelse5#boolean_expression_v2,us13C07,1
jIfelse5#Decision_If_v2,us13C07,2
jIfelse5#ifelse2_v2,us13C07,2
jIfelse5#JavaTutorial_4_2_2,us13C07,2
jIfelse5#nested_loops_v2,us13C07,2
jIncrement#increment_v2,us13C07,3
jIncrement#JavaTutorial_4_2_8,us13C07,3
jIncrement#OperatorExample_v2,us13C07,1
jIncrement#variables2_v2,us13C07,2
jOperator1#arithmetic_v2,us13C07,2
jOperator1#Decision_If_v2,us13C07,2
jOperator1#ifelse2_v2,us13C07,2
jOperator1#JavaTutorial_4_1_5,us13C07,2
jOperator1#OperatorExample_v2,us13C07,3
jVariable1#JavaTutorial_4_1_5,us13C07,2
jVariable1#JavaTutorial_4_6_6,us13C07,2
jVariable1#JavaTutorial_4_6_9,us13C07,2
jVariable1#OperatorExample_v2,us13C07,3
jVariable1#Point_v2,us13C07,2
jWhile3#JavaTutorial_4_2_2,us13C07,2
jWhile3#JavaTutorial_4_4_2,us13C07,1
jWhile3#JavaTutorial_4_4_3,us13C07,1
jWhile3#JavaTutorial_4_6_9,us13C07,2
jWhile3#while_v2,us13C07,2
jWhile4#Decision_If_v2,us13C07,1
jWhile4#ifelse2_v2,us13C07,2
jWhile4#OperatorExample_v2,us13C07,2
jWhile4#while_v2,us13C07,2
jBoolean_Operators#boolean_expression_v2,us13C08,2
jBoolean_Operators#comparison_operators_v2,us13C08,2
jBoolean_Operators#conditional_operators_v2,us13C08,2
jBoolean_Operators#JavaTutorial_4_2_2,us13C08,2
jBoolean_Operators#JavaTutorial_4_2_8,us13C08,1
jBoolean_Var#boolean_declaration_v2,us13C08,1
jBoolean_Var#boolean_expression_v2,us13C08,2
jBoolean_Var#boolean_operators_v2,us13C08,3
jDouble1#arithmetic_v2,us13C08,3
jDouble1#inheritance_casting_1,us13C08,1
jDouble1#TypeCasting_v2,us13C08,1
jDouble1#variables1_v2,us13C08,2
jDouble1#variables2_v2,us13C08,1
jFor1#for1_v2,us13C08,3
jFor1#JavaTutorial_4_6_6,us13C08,3
jFor1#JavaTutorial_4_6_7,us13C08,2
jFor1#JavaTutorial_4_6_9,us13C08,1
jFor2#for1_v2,us13C08,1
jFor2#JavaTutorial_4_6_7,us13C08,1
jFor2#JavaTutorial_4_6_9,us13C08,1
jFor2#relational_operators_v2,us13C08,1
jIfelse1#Decision_If_v2,us13C08,2
jIfelse1#ifelse2_v2,us13C08,2
jIfelse1#OperatorExample_v2,us13C08,2
jIfelse5#boolean_expression_v2,us13C08,1
jIfelse5#Decision_If_v2,us13C08,2
jIfelse5#ifelse2_v2,us13C08,2
jIfelse5#JavaTutorial_4_2_2,us13C08,1
jIfelse5#nested_loops_v2,us13C08,2
jIncrement#increment_v2,us13C08,3
jIncrement#JavaTutorial_4_1_5,us13C08,1
jIncrement#JavaTutorial_4_2_8,us13C08,3
jIncrement#OperatorExample_v2,us13C08,1
jOperator1#arithmetic_v2,us13C08,2
jOperator1#Decision_If_v2,us13C08,2
jOperator1#ifelse2_v2,us13C08,2
jOperator1#JavaTutorial_4_1_5,us13C08,1
jOperator1#OperatorExample_v2,us13C08,2
jVariable1#JavaTutorial_4_1_5,us13C08,0
jVariable1#JavaTutorial_4_6_6,us13C08,2
jVariable1#JavaTutorial_4_6_9,us13C08,2
jVariable1#OperatorExample_v2,us13C08,2
jWhile3#for1_v2,us13C08,2
jWhile3#JavaTutorial_4_2_2,us13C08,1
jWhile3#JavaTutorial_4_4_3,us13C08,1
jWhile3#JavaTutorial_4_6_9,us13C08,2
jWhile3#while_v2,us13C08,2
jWhile4#Decision_If_v2,us13C08,1
jWhile4#ifelse2_v2,us13C08,2
jWhile4#JavaTutorial_4_2_2,us13C08,1
jWhile4#OperatorExample_v2,us13C08,1
jWhile4#while_v2,us13C08,2
jBoolean_Operators#conditional_operators_v2,us13C09,2
jBoolean_Operators#JavaTutorial_4_2_2,us13C09,2
jBoolean_Operators#JavaTutorial_4_2_8,us13C09,2
jBoolean_Var#boolean_declaration_v2,us13C09,3
jBoolean_Var#boolean_operators_v2,us13C09,2
jDouble1#arithmetic_v2,us13C09,2
jDouble1#inheritance_casting_1,us13C09,0
jDouble1#TypeCasting_v2,us13C09,0
jDouble1#variables1_v2,us13C09,1
jDouble1#variables2_v2,us13C09,0
jFor1#for1_v2,us13C09,2
jFor1#JavaTutorial_4_6_14,us13C09,3
jFor1#JavaTutorial_4_6_6,us13C09,0
jFor1#JavaTutorial_4_6_7,us13C09,0
jFor1#JavaTutorial_4_6_9,us13C09,2
jFor2#for1_v2,us13C09,1
jFor2#JavaTutorial_4_6_7,us13C09,0
jFor2#relational_operators_v2,us13C09,1
jFor2#use_array_v2,us13C09,0
jFor2#using_array_v2,us13C09,1
jIfelse1#Decision_If_v2,us13C09,2
jIfelse1#OperatorExample_v2,us13C09,2
jIfelse5#boolean_expression_v2,us13C09,0
jIfelse5#ifelse2_v2,us13C09,2
jIfelse5#JavaTutorial_4_2_2,us13C09,0
jIfelse5#nested_loops_v2,us13C09,2
jIncrement#increment_v2,us13C09,3
jIncrement#JavaTutorial_4_1_5,us13C09,0
jIncrement#JavaTutorial_4_2_2,us13C09,2
jIncrement#Point_v2,us13C09,0
jIncrement#variables2_v2,us13C09,0
jOperator1#arithmetic_v2,us13C09,1
jOperator1#Decision_If_v2,us13C09,2
jOperator1#OperatorExample_v2,us13C09,3
jVariable1#JavaTutorial_4_1_3,us13C09,0
jVariable1#JavaTutorial_4_1_5,us13C09,1
jVariable1#JavaTutorial_4_2_2,us13C09,0
jVariable1#JavaTutorial_4_6_6,us13C09,0
jVariable1#JavaTutorial_4_6_9,us13C09,0
jVariable1#OperatorExample_v2,us13C09,1
jVariable1#Point_v2,us13C09,0
jWhile3#do_while_v2,us13C09,1
jWhile3#JavaTutorial_4_4_3,us13C09,0
jWhile3#JavaTutorial_4_6_6,us13C09,0
jWhile3#while_v2,us13C09,2
jWhile4#Decision_If_v2,us13C09,3
jWhile4#ifelse2_v2,us13C09,1
jWhile4#while_v2,us13C09,0
j2D_Arrays1#array_declaration_v2,us13C10,2
j2D_Arrays1#create_2d_array_v2,us13C10,2
j2D_Arrays1#use_2darray_v2,us13C10,3
j2D_Arrays1#using_array_v2,us13C10,1
jArray1#array_declaration_v2,us13C10,3
jArray1#JavaTutorial_4_7_6,us13C10,1
jArray1#use_2darray_v2,us13C10,1
jArray1#using_array_v2,us13C10,1
jArray2#array_declaration_v2,us13C10,1
jArray2#JavaTutorial_4_7_5,us13C10,1
jArray2#use_2darray_v2,us13C10,2
jArray2#use_array_v2,us13C10,2
jArray2#using_array_v2,us13C10,2
jArray4#use_array_v2,us13C10,3
jArray4#using_array_v2,us13C10,2
jBankAccount#Bicycle_v2,us13C10,1
jBankAccount#Rectangle_v2,us13C10,1
jBankAccount#variables1_v2,us13C10,2
jBa_ques#Bicycle_v2,us13C10,2
jBa_ques#Rectangle_v2,us13C10,2
jBa_ques#variables1_v2,us13C10,1
jClass1#Bicycle_v2,us13C10,3
jClass1#Rectangle_v2,us13C10,3
jClass1#variables1_v2,us13C10,2
jClasses4#Bicycle_v2,us13C10,2
jClasses4#Point_v2,us13C10,1
jClasses4#Rectangle_v2,us13C10,2
jClasses4#variables1_v2,us13C10,1
jFor1#for1_v2,us13C10,3
jFor1#JavaTutorial_4_6_6,us13C10,2
jFor1#JavaTutorial_4_6_7,us13C10,2
jFor1#JavaTutorial_4_6_9,us13C10,2
jFor2#for1_v2,us13C10,2
jFor2#JavaTutorial_4_6_7,us13C10,1
jFor2#JavaTutorial_4_6_9,us13C10,2
jFor2#relational_operators_v2,us13C10,1
jWhile3#JavaTutorial_4_2_2,us13C10,1
jWhile3#JavaTutorial_4_4_3,us13C10,2
jWhile3#JavaTutorial_4_6_9,us13C10,1
jWhile3#while_v2,us13C10,3
jWhile4#Decision_If_v2,us13C10,1
jWhile4#ifelse2_v2,us13C10,1
jWhile4#JavaTutorial_4_4_3,us13C10,1
jWhile4#JavaTutorial_4_6_12,us13C10,1
jWhile4#while_v2,us13C10,3
jBankAccount#Bicycle_v2,us13C11,2
jBankAccount#Point_v2,us13C11,2
jBankAccount#Rectangle_v2,us13C11,1
jBankAccount#variables1_v2,us13C11,2
jBa_ques#arraylist1_v2,us13C11,1
jBa_ques#Bicycle_v2,us13C11,1
jBa_ques#Point_v2,us13C11,2
jBa_ques#Rectangle_v2,us13C11,2
jBa_ques#variables1_v2,us13C11,2
jBoolean_Operators#boolean_expression_v2,us13C11,3
jBoolean_Operators#conditional_operators_v2,us13C11,3
jBoolean_Operators#JavaTutorial_4_2_2,us13C11,3
jBoolean_Operators#JavaTutorial_4_2_8,us13C11,2
jBoolean_Var#boolean_declaration_v2,us13C11,3
jBoolean_Var#boolean_expression_v2,us13C11,3
jBoolean_Var#boolean_operators_v2,us13C11,2
jClass1#Bicycle_v2,us13C11,2
jClass1#Point_v2,us13C11,2
jClass1#Rectangle_v2,us13C11,2
jClass1#variables1_v2,us13C11,2
jClasses4#Bicycle_v2,us13C11,2
jClasses4#inheritance_constructors_1,us13C11,0
jClasses4#Point_v2,us13C11,1
jClasses4#Rectangle_v2,us13C11,1
jClasses4#variables1_v2,us13C11,2
jFor1#for1_v2,us13C11,2
jFor1#JavaTutorial_4_6_6,us13C11,1
jFor1#JavaTutorial_4_6_7,us13C11,1
jFor1#JavaTutorial_4_6_9,us13C11,1
jFor2#for1_v2,us13C11,1
jFor2#JavaTutorial_4_6_6,us13C11,2
jFor2#JavaTutorial_4_6_7,us13C11,1
jFor2#nested_loops2_v2,us13C11,1
jFor2#relational_operators_v2,us13C11,1
jIfelse1#boolean_expression_v2,us13C11,1
jIfelse1#Decision_If_v2,us13C11,1
jIfelse1#OperatorExample_v2,us13C11,2
jIfelse5#boolean_expression_v2,us13C11,1
jIfelse5#ifelse2_v2,us13C11,2
jIfelse5#JavaTutorial_4_2_2,us13C11,1
jIfelse5#nested_loops_v2,us13C11,2
jIfelse5#OperatorExample_v2,us13C11,2
jWhile3#JavaTutorial_4_2_2,us13C11,2
jWhile3#JavaTutorial_4_4_3,us13C11,2
jWhile3#JavaTutorial_4_6_9,us13C11,2
jWhile3#while_v2,us13C11,2
jWhile4#Decision_If_v2,us13C11,2
jWhile4#ifelse2_v2,us13C11,2
jWhile4#JavaTutorial_4_2_2,us13C11,2
jWhile4#OperatorExample_v2,us13C11,2
jWhile4#while_v2,us13C11,2
jBankAccount#Bicycle_v2,us13C12,3
jBankAccount#Point_v2,us13C12,2
jBankAccount#Rectangle_v2,us13C12,2
jBankAccount#variables1_v2,us13C12,1
jBa_ques#Bicycle_v2,us13C12,2
jBa_ques#Rectangle_v2,us13C12,1
jBa_ques#variables1_v2,us13C12,1
jClass1#Bicycle_v2,us13C12,1
jClass1#Point_v2,us13C12,1
jClass1#Rectangle_v2,us13C12,1
jClass1#variables1_v2,us13C12,1
jClasses4#Bicycle_v2,us13C12,2
jClasses4#CreateObjectDemo_v2,us13C12,3
jClasses4#Point_v2,us13C12,1
jClasses4#Rectangle_v2,us13C12,1
jClasses4#variables1_v2,us13C12,1
jDouble1#inheritance_casting_1,us13C12,0
jDouble1#TypeCasting_v2,us13C12,1
jDouble1#variables1_v2,us13C12,1
jDouble1#variables2_v2,us13C12,2
jFor1#for1_v2,us13C12,3
jFor1#JavaTutorial_4_6_6,us13C12,1
jFor1#JavaTutorial_4_6_7,us13C12,2
jFor1#JavaTutorial_4_6_9,us13C12,2
jFor2#for1_v2,us13C12,2
jFor2#JavaTutorial_4_6_7,us13C12,1
jFor2#JavaTutorial_4_6_9,us13C12,1
jFor2#relational_operators_v2,us13C12,1
jIncrement#increment_v2,us13C12,3
jIncrement#JavaTutorial_4_2_8,us13C12,2
jIncrement#OperatorExample_v2,us13C12,0
jIncrement#variables2_v2,us13C12,1
jOperator1#arithmetic_v2,us13C12,2
jOperator1#Decision_If_v2,us13C12,2
jOperator1#ifelse2_v2,us13C12,2
jOperator1#JavaTutorial_4_1_5,us13C12,1
jOperator1#OperatorExample_v2,us13C12,3
jVariable1#JavaTutorial_4_1_5,us13C12,1
jVariable1#JavaTutorial_4_6_6,us13C12,2
jVariable1#JavaTutorial_4_6_9,us13C12,3
jVariable1#OperatorExample_v2,us13C12,1
jWhile3#JavaTutorial_4_2_2,us13C12,1
jWhile3#JavaTutorial_4_4_3,us13C12,1
jWhile3#JavaTutorial_4_6_9,us13C12,1
jWhile3#while_v2,us13C12,3
jWhile4#Decision_If_v2,us13C12,2
jWhile4#ifelse2_v2,us13C12,2
jWhile4#JavaTutorial_4_4_3,us13C12,1
jWhile4#OperatorExample_v2,us13C12,2
jWhile4#while_v2,us13C12,2
jBoolean_Operators#boolean_expression_v2,us13C13,1
jBoolean_Operators#comparison_operators_v2,us13C13,2
jBoolean_Operators#conditional_operators_v2,us13C13,2
jBoolean_Operators#JavaTutorial_4_2_2,us13C13,2
jBoolean_Operators#JavaTutorial_4_2_8,us13C13,3
jBoolean_Var#boolean_declaration_v2,us13C13,3
jBoolean_Var#boolean_expression_v2,us13C13,2
jBoolean_Var#boolean_operators_v2,us13C13,2
jDouble1#inheritance_casting_1,us13C13,0
jDouble1#TypeCasting_v2,us13C13,2
jDouble1#variables1_v2,us13C13,2
jDouble1#variables2_v2,us13C13,2
jFor1#for1_v2,us13C13,3
jFor1#JavaTutorial_4_6_6,us13C13,2
jFor1#JavaTutorial_4_6_7,us13C13,1
jFor1#JavaTutorial_4_6_9,us13C13,2
jFor1#nested_loops2_v2,us13C13,2
jFor1#using_array_v2,us13C13,0
jFor2#for1_v2,us13C13,3
jFor2#JavaTutorial_4_6_6,us13C13,2
jFor2#JavaTutorial_4_6_7,us13C13,2
jFor2#JavaTutorial_4_6_9,us13C13,2
jFor2#relational_operators_v2,us13C13,1
jIfelse1#Decision_If_v2,us13C13,3
jIfelse1#JavaTutorial_4_2_2,us13C13,2
jIfelse1#OperatorExample_v2,us13C13,2
jIfelse5#boolean_expression_v2,us13C13,0
jIfelse5#ifelse2_v2,us13C13,3
jIfelse5#JavaTutorial_4_2_2,us13C13,1
jIfelse5#nested_loops_v2,us13C13,1
jIncrement#increment_v2,us13C13,3
jIncrement#JavaTutorial_4_1_5,us13C13,1
jIncrement#JavaTutorial_4_2_8,us13C13,2
jIncrement#JavaTutorial_4_2_9,us13C13,2
jIncrement#OperatorExample_v2,us13C13,1
jOperator1#arithmetic_v2,us13C13,2
jOperator1#Decision_If_v2,us13C13,2
jOperator1#ifelse2_v2,us13C13,1
jOperator1#JavaTutorial_4_1_5,us13C13,1
jOperator1#JavaTutorial_4_2_8,us13C13,1
jOperator1#OperatorExample_v2,us13C13,3
jVariable1#JavaTutorial_4_1_5,us13C13,1
jVariable1#JavaTutorial_4_6_6,us13C13,0
jVariable1#JavaTutorial_4_6_9,us13C13,3
jVariable1#OperatorExample_v2,us13C13,1
jVariable1#Point_v2,us13C13,1
jWhile3#JavaTutorial_4_2_2,us13C13,1
jWhile3#JavaTutorial_4_4_3,us13C13,1
jWhile3#JavaTutorial_4_6_9,us13C13,2
jWhile3#while_v2,us13C13,3
jWhile4#Decision_If_v2,us13C13,3
jWhile4#ifelse2_v2,us13C13,3
jWhile4#JavaTutorial_4_2_2,us13C13,1
jWhile4#JavaTutorial_4_2_5,us13C13,2
jWhile4#JavaTutorial_4_4_3,us13C13,1
jWhile4#OperatorExample_v2,us13C13,2
jWhile4#while_v2,us13C13,2
j2D_Arrays1#array_declaration_v2,us13C14,2
j2D_Arrays1#create_2d_array_v2,us13C14,2
j2D_Arrays1#use_2darray_v2,us13C14,3
j2D_Arrays1#using_array_v2,us13C14,1
jArray1#array_declaration_v2,us13C14,3
jArray1#JavaTutorial_4_7_6,us13C14,1
jArray1#use_2darray_v2,us13C14,0
jArray1#using_array_v2,us13C14,3
jArray2#array_declaration_v2,us13C14,3
jArray2#JavaTutorial_4_7_5,us13C14,3
jArray2#use_2darray_v2,us13C14,0
jArray2#use_array_v2,us13C14,1
jArray2#using_array_v2,us13C14,3
jArray4#use_array_v2,us13C14,3
jArray4#using_array_v2,us13C14,3
jBoolean_Operators#boolean_expression_v2,us13C14,0
jBoolean_Operators#conditional_operators_v2,us13C14,3
jBoolean_Operators#JavaTutorial_4_2_2,us13C14,2
jBoolean_Operators#JavaTutorial_4_2_8,us13C14,1
jBoolean_Var#boolean_declaration_v2,us13C14,3
jBoolean_Var#boolean_operators_v2,us13C14,1
jBoolean_Var#relational_operators_v2,us13C14,1
jDouble1#inheritance_casting_1,us13C14,0
jDouble1#TypeCasting_v2,us13C14,3
jDouble1#variables1_v2,us13C14,1
jDouble1#variables2_v2,us13C14,2
jFor1#for1_v2,us13C14,3
jFor1#JavaTutorial_4_6_6,us13C14,3
jFor1#JavaTutorial_4_6_7,us13C14,0
jFor1#JavaTutorial_4_6_9,us13C14,3
jFor2#for1_v2,us13C14,3
jFor2#JavaTutorial_4_6_6,us13C14,2
jFor2#JavaTutorial_4_6_7,us13C14,1
jFor2#JavaTutorial_4_6_9,us13C14,3
jFor2#relational_operators_v2,us13C14,1
jIfelse1#boolean_expression_v2,us13C14,2
jIfelse1#Decision_If_v2,us13C14,3
jIfelse1#OperatorExample_v2,us13C14,3
jIfelse5#boolean_expression_v2,us13C14,1
jIfelse5#ifelse2_v2,us13C14,2
jIfelse5#JavaTutorial_4_2_2,us13C14,1
jIfelse5#nested_loops_v2,us13C14,2
jIfelse5#OperatorExample_v2,us13C14,3
jIncrement#increment_v2,us13C14,3
jIncrement#JavaTutorial_4_1_5,us13C14,1
jIncrement#JavaTutorial_4_2_8,us13C14,2
jIncrement#JavaTutorial_4_2_9,us13C14,1
jIncrement#OperatorExample_v2,us13C14,0
jOperator1#arithmetic_v2,us13C14,0
jOperator1#Decision_If_v2,us13C14,1
jOperator1#ifelse2_v2,us13C14,1
jOperator1#JavaTutorial_4_1_5,us13C14,0
jOperator1#OperatorExample_v2,us13C14,3
jVariable1#JavaTutorial_4_1_5,us13C14,0
jVariable1#JavaTutorial_4_6_6,us13C14,0
jVariable1#JavaTutorial_4_6_9,us13C14,2
jVariable1#OperatorExample_v2,us13C14,0
jWhile3#JavaTutorial_4_2_2,us13C14,0
jWhile3#JavaTutorial_4_4_3,us13C14,0
jWhile3#JavaTutorial_4_6_9,us13C14,3
jWhile3#while_v2,us13C14,3
jWhile4#Decision_If_v2,us13C14,3
jWhile4#ifelse2_v2,us13C14,3
jWhile4#JavaTutorial_4_2_2,us13C14,0
jWhile4#JavaTutorial_4_4_3,us13C14,0
jWhile4#OperatorExample_v2,us13C14,2
jWhile4#while_v2,us13C14,3
jBoolean_Operators#boolean_expression_v2,us13C15,2
jBoolean_Operators#conditional_operators_v2,us13C15,2
jBoolean_Operators#JavaTutorial_4_2_2,us13C15,2
jBoolean_Operators#JavaTutorial_4_2_8,us13C15,1
jBoolean_Var#boolean_declaration_v2,us13C15,3
jBoolean_Var#boolean_expression_v2,us13C15,3
jBoolean_Var#boolean_operators_v2,us13C15,2
jDouble1#inheritance_casting_1,us13C15,2
jDouble1#TypeCasting_v2,us13C15,1
jDouble1#variables1_v2,us13C15,3
jDouble1#variables2_v2,us13C15,3
jFor1#for1_v2,us13C15,2
jFor1#JavaTutorial_4_6_6,us13C15,2
jFor1#JavaTutorial_4_6_7,us13C15,2
jFor1#JavaTutorial_4_6_9,us13C15,2
jFor2#for1_v2,us13C15,2
jFor2#JavaTutorial_4_6_7,us13C15,2
jFor2#JavaTutorial_4_6_9,us13C15,2
jFor2#relational_operators_v2,us13C15,2
jIfelse1#boolean_expression_v2,us13C15,2
jIfelse1#Decision_If_v2,us13C15,2
jIfelse1#JavaTutorial_4_2_2,us13C15,1
jIfelse1#OperatorExample_v2,us13C15,2
jIfelse5#boolean_expression_v2,us13C15,2
jIfelse5#ifelse2_v2,us13C15,2
jIfelse5#JavaTutorial_4_2_2,us13C15,2
jIfelse5#nested_loops_v2,us13C15,3
jIncrement#increment_v2,us13C15,3
jIncrement#JavaTutorial_4_2_8,us13C15,3
jIncrement#JavaTutorial_4_2_9,us13C15,1
jIncrement#OperatorExample_v2,us13C15,2
jIncrement#variables2_v2,us13C15,2
jOperator1#arithmetic_v2,us13C15,3
jOperator1#Decision_If_v2,us13C15,3
jOperator1#ifelse2_v2,us13C15,3
jOperator1#JavaTutorial_4_1_5,us13C15,3
jOperator1#OperatorExample_v2,us13C15,3
jVariable1#JavaTutorial_4_1_5,us13C15,2
jVariable1#JavaTutorial_4_6_6,us13C15,3
jVariable1#JavaTutorial_4_6_9,us13C15,2
jVariable1#OperatorExample_v2,us13C15,3
jVariable1#Point_v2,us13C15,3
jWhile3#JavaTutorial_4_2_2,us13C15,2
jWhile3#JavaTutorial_4_4_3,us13C15,2
jWhile3#JavaTutorial_4_6_9,us13C15,2
jWhile3#while_v2,us13C15,1
jWhile4#Decision_If_v2,us13C15,2
jWhile4#ifelse2_v2,us13C15,2
jWhile4#JavaTutorial_4_2_2,us13C15,2
jWhile4#JavaTutorial_4_4_3,us13C15,1
jWhile4#OperatorExample_v2,us13C15,2
jWhile4#while_v2,us13C15,2
